-- MySQL dump 10.13  Distrib 8.0.20, for Linux (x86_64)
--
-- Host: localhost    Database: home_work
-- ------------------------------------------------------
-- Server version	8.0.20-0ubuntu0.20.04.1

/*!40101 SET @OLD_CHARACTER_SET_CLIENT=@@CHARACTER_SET_CLIENT */;
/*!40101 SET @OLD_CHARACTER_SET_RESULTS=@@CHARACTER_SET_RESULTS */;
/*!40101 SET @OLD_COLLATION_CONNECTION=@@COLLATION_CONNECTION */;
/*!50503 SET NAMES utf8mb4 */;
/*!40103 SET @OLD_TIME_ZONE=@@TIME_ZONE */;
/*!40103 SET TIME_ZONE='+00:00' */;
/*!40014 SET @OLD_UNIQUE_CHECKS=@@UNIQUE_CHECKS, UNIQUE_CHECKS=0 */;
/*!40014 SET @OLD_FOREIGN_KEY_CHECKS=@@FOREIGN_KEY_CHECKS, FOREIGN_KEY_CHECKS=0 */;
/*!40101 SET @OLD_SQL_MODE=@@SQL_MODE, SQL_MODE='NO_AUTO_VALUE_ON_ZERO' */;
/*!40111 SET @OLD_SQL_NOTES=@@SQL_NOTES, SQL_NOTES=0 */;

--
-- Table structure for table `communities`
--

DROP TABLE IF EXISTS `communities`;
/*!40101 SET @saved_cs_client     = @@character_set_client */;
/*!50503 SET character_set_client = utf8mb4 */;
CREATE TABLE `communities` (
  `id` int unsigned NOT NULL AUTO_INCREMENT,
  `name` varchar(150) CHARACTER SET utf8 COLLATE utf8_unicode_ci NOT NULL,
  `created_at` datetime DEFAULT CURRENT_TIMESTAMP,
  `updated_at` datetime DEFAULT CURRENT_TIMESTAMP ON UPDATE CURRENT_TIMESTAMP,
  PRIMARY KEY (`id`),
  UNIQUE KEY `name` (`name`)
) ENGINE=InnoDB AUTO_INCREMENT=51 DEFAULT CHARSET=utf8 COLLATE=utf8_unicode_ci;
/*!40101 SET character_set_client = @saved_cs_client */;

--
-- Dumping data for table `communities`
--

LOCK TABLES `communities` WRITE;
/*!40000 ALTER TABLE `communities` DISABLE KEYS */;
INSERT INTO `communities` VALUES (1,'deleniti','2007-10-01 12:53:25','2017-12-13 04:16:09'),(2,'consectetur','1975-02-22 16:15:31','2007-02-14 09:20:17'),(3,'debitis','2019-05-25 19:59:10','2020-02-09 16:15:55'),(4,'nihil','2002-02-05 23:54:31','2013-10-08 18:20:41'),(5,'voluptas','2005-06-25 11:32:36','2006-02-04 10:15:41'),(6,'est','2009-12-14 22:02:44','1992-04-09 03:44:14'),(7,'et','2007-11-23 06:26:56','2000-05-26 21:32:41'),(8,'corporis','1986-11-19 22:25:47','2014-08-06 03:30:34'),(9,'cupiditate','1970-11-26 09:30:48','1975-02-02 01:53:26'),(10,'facilis','2009-09-01 20:18:42','1976-06-17 18:29:14'),(11,'tempore','1976-10-16 05:30:36','2014-10-14 05:45:05'),(12,'dolor','1999-01-01 02:20:18','2018-09-25 00:39:31'),(13,'aut','2011-09-04 02:31:15','1989-10-17 23:44:33'),(14,'repellat','1983-03-10 15:04:43','2018-03-07 08:51:24'),(15,'molestias','1976-12-08 02:55:13','1971-04-04 10:38:43'),(16,'fuga','1971-04-27 05:41:07','2007-12-15 15:05:22'),(17,'velit','2017-05-11 19:21:11','2013-01-13 11:31:33'),(18,'fugit','2009-02-14 04:05:36','1973-12-11 17:07:26'),(19,'qui','1996-01-29 08:54:32','2004-05-07 00:45:38'),(20,'sapiente','2010-12-17 11:05:31','2010-03-05 10:45:54'),(21,'fugiat','1996-05-22 13:58:13','2009-10-21 03:20:13'),(22,'cum','2017-10-01 20:57:54','2015-12-05 06:28:42'),(23,'rerum','2004-04-10 11:23:40','1973-12-28 12:41:15'),(24,'quia','1989-01-20 05:20:41','1972-05-14 03:16:42'),(25,'atque','1981-06-01 22:09:32','1983-08-09 22:41:34'),(26,'quae','2015-08-28 12:44:21','2001-12-29 21:29:26'),(27,'dolores','1973-05-04 23:53:18','1986-10-04 15:20:19'),(28,'minima','2012-08-10 08:43:32','1978-04-25 13:40:20'),(29,'perferendis','2005-06-03 21:11:03','2002-01-14 10:01:12'),(30,'animi','1995-09-23 14:37:02','1975-08-08 15:31:51'),(31,'doloribus','2015-06-27 02:25:10','1987-07-23 00:02:27'),(32,'sit','1970-02-20 22:16:02','1970-12-07 03:54:36'),(33,'reiciendis','1986-09-25 18:43:58','2009-10-02 04:13:14'),(34,'veritatis','1971-06-16 09:27:48','1993-01-22 00:16:31'),(35,'accusamus','1992-11-03 08:41:01','2005-07-09 06:12:12'),(36,'incidunt','1981-07-22 14:53:29','2010-06-22 02:18:39'),(37,'vitae','2011-08-27 02:08:00','2017-03-25 05:53:41'),(38,'quod','1975-07-27 03:04:39','2004-07-06 00:39:35'),(39,'nesciunt','1992-04-15 10:31:09','1994-08-18 03:40:23'),(40,'accusantium','2018-05-20 02:28:10','2005-08-12 13:29:40'),(41,'tempora','2009-11-27 16:24:43','1985-01-05 12:35:25'),(42,'voluptate','1978-08-27 23:01:22','2016-04-09 17:15:46'),(43,'minus','1995-09-14 08:47:05','2018-02-11 10:51:12'),(44,'eos','2014-10-19 22:32:01','1973-08-24 09:23:54'),(45,'eligendi','2006-09-01 15:27:26','1989-08-17 11:16:42'),(46,'ut','1982-11-15 14:49:33','2009-06-08 22:22:06'),(47,'culpa','1985-12-31 01:50:26','1991-02-13 23:30:39'),(48,'ab','1978-05-13 20:26:34','1994-11-27 05:16:52'),(49,'quo','1973-01-12 11:29:55','2018-03-21 03:49:38'),(50,'eaque','2007-08-25 20:47:27','2015-10-08 03:53:25');
/*!40000 ALTER TABLE `communities` ENABLE KEYS */;
UNLOCK TABLES;

--
-- Table structure for table `communities_users`
--

DROP TABLE IF EXISTS `communities_users`;
/*!40101 SET @saved_cs_client     = @@character_set_client */;
/*!50503 SET character_set_client = utf8mb4 */;
CREATE TABLE `communities_users` (
  `community_id` int unsigned NOT NULL,
  `user_id` int unsigned NOT NULL,
  `created_at` datetime DEFAULT CURRENT_TIMESTAMP,
  PRIMARY KEY (`community_id`,`user_id`)
) ENGINE=InnoDB DEFAULT CHARSET=utf8 COLLATE=utf8_unicode_ci;
/*!40101 SET character_set_client = @saved_cs_client */;

--
-- Dumping data for table `communities_users`
--

LOCK TABLES `communities_users` WRITE;
/*!40000 ALTER TABLE `communities_users` DISABLE KEYS */;
INSERT INTO `communities_users` VALUES (1,48,'1986-01-27 16:52:42'),(2,30,'1994-08-25 22:55:07'),(2,138,'2017-03-19 05:48:12'),(3,161,'1977-08-28 22:58:59'),(3,165,'2007-08-22 20:06:27'),(4,15,'1981-06-14 10:24:04'),(4,22,'2015-12-06 05:58:27'),(4,26,'2005-05-17 05:29:17'),(4,135,'1982-11-27 00:58:41'),(4,147,'2005-05-12 21:01:08'),(5,23,'1973-02-21 06:53:45'),(5,116,'1982-01-12 12:19:53'),(6,111,'1971-01-12 15:05:08'),(6,179,'2011-12-07 12:59:07'),(7,28,'2012-06-04 21:44:37'),(9,89,'1982-12-02 16:28:14'),(9,193,'1990-05-26 05:16:51'),(10,101,'1980-07-01 21:26:39'),(11,15,'1985-06-24 08:44:49'),(11,92,'2016-12-23 09:14:41'),(11,166,'1978-03-15 17:55:50'),(12,64,'1972-01-10 08:27:34'),(12,83,'2011-07-27 11:00:41'),(12,114,'1991-10-18 12:59:42'),(13,35,'2001-06-15 06:00:13'),(13,105,'1979-11-20 23:19:39'),(13,119,'2002-10-24 15:44:33'),(14,125,'2014-12-16 16:01:24'),(15,90,'1989-09-07 09:00:43'),(15,146,'2019-06-07 20:47:32'),(16,70,'1984-01-28 03:32:40'),(16,126,'1985-02-07 20:27:03'),(17,64,'1987-04-27 20:00:07'),(17,107,'2007-05-11 07:54:57'),(17,141,'2008-05-21 22:53:37'),(19,199,'1999-04-08 13:34:09'),(20,142,'1982-12-19 01:42:22'),(20,166,'2008-09-13 03:11:10'),(21,82,'1977-01-20 02:38:41'),(21,124,'1991-02-19 08:33:14'),(22,94,'1988-03-22 16:59:11'),(23,122,'1977-08-09 12:15:40'),(23,134,'2013-06-14 11:51:57'),(24,21,'2008-07-29 08:03:03'),(24,49,'2009-08-14 23:27:42'),(24,71,'1972-03-24 14:36:06'),(24,186,'1976-09-25 17:28:32'),(25,26,'2007-10-02 16:35:30'),(25,39,'2013-12-22 07:03:31'),(25,165,'2009-06-21 08:53:49'),(26,130,'1991-06-26 23:10:11'),(27,87,'2006-09-02 00:22:50'),(27,161,'1999-10-17 08:49:47'),(27,185,'1998-06-17 23:02:48'),(27,198,'1977-10-19 05:04:04'),(28,27,'1999-03-02 21:34:11'),(28,158,'2015-05-30 02:45:29'),(29,94,'1995-05-24 00:44:46'),(29,105,'1989-01-29 17:34:20'),(29,153,'1974-05-10 02:05:04'),(29,197,'1971-10-08 13:02:16'),(30,122,'2018-09-14 01:16:35'),(30,136,'2006-02-23 01:55:53'),(31,32,'2001-11-03 04:41:50'),(31,39,'2012-05-28 21:11:48'),(31,71,'1973-02-22 05:34:42'),(31,152,'1970-08-02 23:41:28'),(31,170,'1988-05-30 11:09:28'),(33,72,'1988-12-10 02:49:48'),(33,180,'2003-12-31 13:59:57'),(34,87,'1998-03-13 15:14:51'),(35,75,'1992-08-06 04:47:16'),(36,11,'1971-11-26 00:15:45'),(36,56,'1990-08-16 13:57:45'),(36,110,'1998-01-08 00:45:42'),(37,26,'1994-02-17 23:35:32'),(38,109,'1982-11-07 01:33:00'),(38,194,'2019-09-18 12:32:26'),(39,101,'1985-05-18 05:53:09'),(40,74,'1980-01-12 23:27:05'),(40,147,'2000-06-10 09:28:53'),(40,174,'2005-01-20 12:38:21'),(41,47,'1996-07-13 20:29:03'),(41,51,'1997-05-20 18:09:25'),(41,152,'1975-07-24 14:16:39'),(41,164,'2019-08-19 22:29:19'),(41,168,'1974-07-19 13:04:09'),(42,49,'1970-02-10 11:44:00'),(42,55,'2014-09-26 02:47:54'),(44,9,'2014-05-21 13:24:52'),(44,40,'1999-01-23 08:38:13'),(45,15,'2004-05-15 12:19:58'),(45,85,'2004-05-11 12:31:01'),(46,25,'1980-12-24 16:00:42'),(47,77,'1997-06-16 04:44:57'),(48,53,'2016-07-08 01:10:32'),(48,100,'1973-11-02 19:49:41'),(49,33,'1984-06-22 22:59:14'),(49,153,'1972-02-15 22:37:02'),(50,41,'2005-10-26 11:10:19');
/*!40000 ALTER TABLE `communities_users` ENABLE KEYS */;
UNLOCK TABLES;

--
-- Table structure for table `friendship`
--

DROP TABLE IF EXISTS `friendship`;
/*!40101 SET @saved_cs_client     = @@character_set_client */;
/*!50503 SET character_set_client = utf8mb4 */;
CREATE TABLE `friendship` (
  `user_id` int unsigned NOT NULL,
  `friend_id` int unsigned NOT NULL,
  `status_id` int unsigned NOT NULL,
  `requested_at` datetime DEFAULT CURRENT_TIMESTAMP,
  `confirmed_at` datetime DEFAULT NULL,
  `created_at` datetime DEFAULT CURRENT_TIMESTAMP,
  `updated_at` datetime DEFAULT CURRENT_TIMESTAMP ON UPDATE CURRENT_TIMESTAMP,
  PRIMARY KEY (`user_id`,`friend_id`)
) ENGINE=InnoDB DEFAULT CHARSET=utf8 COLLATE=utf8_unicode_ci;
/*!40101 SET character_set_client = @saved_cs_client */;

--
-- Dumping data for table `friendship`
--

LOCK TABLES `friendship` WRITE;
/*!40000 ALTER TABLE `friendship` DISABLE KEYS */;
INSERT INTO `friendship` VALUES (1,20,3,'1981-07-23 03:37:16','1986-07-24 01:48:05','1978-06-13 15:46:41','2001-08-14 23:49:25'),(2,37,3,'1985-05-07 18:06:28','1974-06-08 19:22:46','1995-01-18 14:24:47','2020-06-28 08:38:07'),(3,137,3,'1998-09-26 17:35:16','1990-01-01 04:55:22','2006-04-01 05:13:28','2009-09-24 14:58:53'),(4,22,2,'1999-09-28 12:53:08','1978-06-12 08:55:41','1999-10-22 08:47:29','2020-06-28 08:38:07'),(5,52,3,'2005-07-18 00:35:32','1991-11-27 08:53:48','1998-11-17 23:54:12','2020-06-28 08:38:07'),(6,23,3,'1993-03-26 15:59:06','2008-07-01 19:29:32','1981-08-19 03:22:42','2020-06-28 08:38:07'),(7,156,1,'1982-02-13 12:22:32','1999-11-25 19:26:44','2020-06-20 10:34:37','2020-06-28 08:38:07'),(8,70,1,'2007-05-25 03:59:39','1975-11-15 18:57:35','1987-10-09 10:07:26','2020-06-28 08:38:07'),(9,63,2,'1971-09-29 08:40:30','2001-06-11 17:18:19','2002-07-07 14:19:35','2008-11-09 19:13:17'),(10,99,1,'1996-07-18 16:04:23','2010-04-21 03:15:18','1993-05-21 10:07:56','2020-06-28 08:38:07'),(11,103,2,'1979-03-23 23:47:16','2010-10-02 08:26:51','2017-11-14 20:22:03','2020-06-28 08:38:07'),(12,20,2,'2002-09-18 06:19:35','1971-03-10 02:46:41','1982-03-20 22:42:10','2020-06-28 08:38:07'),(13,139,2,'2019-11-14 03:47:01','2017-11-12 22:39:16','1977-12-29 14:35:50','2020-06-28 08:38:07'),(14,163,2,'2005-11-01 14:49:47','1999-08-21 17:41:14','1990-03-09 06:53:54','2020-06-28 08:38:07'),(15,85,1,'2007-01-21 19:02:14','1988-06-16 08:54:39','1998-01-14 03:25:55','2020-06-28 08:38:07'),(16,175,1,'2019-03-09 08:48:34','2012-03-15 00:17:28','1976-05-28 23:02:21','2020-06-28 08:38:07'),(17,7,1,'2016-08-20 12:34:01','1989-06-29 02:42:43','1999-04-11 01:19:56','1974-05-07 10:42:16'),(18,174,2,'1997-08-24 03:10:08','2013-04-24 00:06:14','2014-09-15 02:40:25','2020-06-28 08:38:07'),(19,134,1,'1976-02-20 11:15:10','1972-08-15 18:18:00','1972-02-16 09:14:27','2020-06-28 08:38:07'),(20,100,3,'2010-09-04 12:59:41','1970-08-12 12:26:13','2011-09-30 04:20:33','2020-06-28 08:38:07'),(21,22,3,'1985-04-16 15:27:35','1977-10-14 23:51:15','1970-09-07 13:19:39','2020-06-28 08:25:55'),(22,73,2,'2004-04-06 19:48:31','2007-04-28 09:50:11','2007-09-11 03:56:10','2020-06-28 08:38:07'),(23,69,2,'2002-02-05 18:32:31','1978-01-25 20:30:26','1989-07-16 10:30:08','2020-06-28 08:38:07'),(24,106,3,'1981-03-26 06:20:01','2008-07-18 11:20:25','1999-12-14 16:05:37','1998-06-26 17:11:20'),(25,32,2,'1977-05-23 16:34:03','2000-08-29 06:36:54','2002-09-20 01:08:53','2020-06-28 08:38:07'),(26,187,2,'1978-03-08 00:20:15','2012-04-30 23:42:27','1997-11-10 12:11:06','2020-06-28 08:38:07'),(27,196,1,'1999-11-14 13:35:17','1979-11-21 00:53:30','1989-02-24 11:34:52','2004-12-15 00:26:26'),(28,111,3,'1993-09-12 04:39:08','2000-07-17 02:17:33','1982-07-10 08:31:14','2010-01-05 04:18:09'),(29,113,3,'2009-06-09 04:52:50','1987-04-17 19:15:36','1999-06-10 22:21:56','2020-06-28 08:38:07'),(30,160,1,'1981-03-02 19:36:21','2017-03-25 01:45:38','1997-12-29 05:36:05','2020-06-28 08:38:07'),(31,174,2,'2014-02-05 13:15:57','1995-04-26 14:45:45','2010-04-15 22:52:17','2020-06-28 08:38:07'),(32,102,1,'1978-09-29 06:20:29','1986-04-17 11:19:17','1972-07-11 17:55:53','2020-06-28 08:38:07'),(33,145,3,'2005-11-25 13:16:33','2013-07-25 01:07:52','2016-05-18 19:23:38','2020-06-28 08:38:07'),(34,123,2,'1993-08-16 23:16:34','2017-10-21 02:09:04','1986-10-13 12:35:55','1976-04-09 19:27:47'),(35,71,2,'1988-10-16 23:54:05','1974-08-28 03:57:22','2005-12-30 22:29:32','2020-06-28 08:38:07'),(36,64,3,'1973-09-14 04:15:12','1996-04-11 01:36:40','1990-11-07 06:55:05','2020-06-28 08:38:07'),(37,145,3,'1978-10-22 10:36:31','2011-07-23 06:12:34','1972-10-13 01:55:27','2004-02-24 17:00:56'),(38,66,3,'2002-06-21 01:47:34','1979-06-05 22:00:28','1977-05-15 04:45:21','2020-06-28 08:38:07'),(39,78,1,'1978-09-23 22:41:45','1974-07-27 11:30:47','1982-10-30 17:24:47','2020-06-28 08:38:07'),(40,144,2,'2013-01-29 06:49:18','1982-05-12 07:03:32','1982-10-02 05:52:05','2020-06-28 08:38:07'),(41,175,1,'1994-12-04 04:14:27','2011-06-28 04:54:30','1980-03-24 02:57:48','2020-06-28 08:38:07'),(42,44,3,'1979-03-22 01:41:40','1978-01-04 20:18:54','1976-06-23 15:31:46','2020-06-28 08:38:07'),(43,137,2,'1998-03-14 22:18:47','2005-10-28 07:23:43','1992-05-08 20:31:12','2020-06-28 08:38:07'),(44,103,2,'1981-05-16 07:08:58','2008-10-18 15:23:28','1998-03-23 14:37:35','2020-06-28 08:38:07'),(45,29,1,'2000-01-04 02:14:37','1994-05-16 14:32:20','2009-03-25 08:13:48','2020-06-28 08:38:07'),(46,47,2,'1992-03-04 09:46:28','1984-03-18 22:48:10','1983-08-15 12:39:06','2020-06-28 08:38:07'),(47,196,2,'1970-02-12 05:03:00','2016-04-26 02:58:21','2000-09-05 12:26:59','2020-06-28 08:38:07'),(48,182,1,'1996-10-02 20:53:48','2008-12-02 15:30:49','2011-10-18 18:51:02','2020-06-28 08:38:07'),(49,24,1,'1990-05-04 06:23:03','1999-12-02 13:02:13','1972-09-19 15:43:56','2020-06-28 08:38:07'),(50,20,1,'2014-09-19 09:04:40','1985-08-09 16:02:05','1992-04-23 03:29:37','2020-06-28 08:38:07'),(51,127,3,'1970-12-29 19:32:38','1973-12-21 02:01:56','2015-10-21 09:31:35','2020-06-28 08:38:07'),(52,185,2,'1994-07-21 21:35:30','1972-06-14 06:13:18','1992-09-28 11:05:14','2016-09-09 01:55:22'),(53,20,1,'1980-02-09 17:55:32','2013-11-22 15:25:13','2002-05-18 09:58:29','2001-03-29 06:44:38'),(54,83,2,'2000-01-16 20:34:45','1995-08-06 11:28:53','2014-03-21 14:34:58','1979-03-23 02:08:44'),(55,21,2,'1987-07-13 00:53:06','2001-04-10 07:58:06','1986-09-22 09:28:39','2020-06-28 08:38:07'),(56,7,2,'2017-01-12 03:59:16','1980-10-26 18:31:59','2019-08-25 18:23:43','2020-06-28 08:38:07'),(57,157,1,'1985-03-07 08:43:46','1978-02-25 15:36:29','2015-07-13 08:42:38','1999-09-29 19:08:08'),(58,165,3,'2006-05-20 22:44:37','1980-01-31 23:36:53','1995-05-09 22:43:50','2020-06-28 08:38:07'),(59,5,3,'2005-01-09 09:11:34','1987-02-17 10:12:26','2006-05-02 12:13:14','2020-06-28 08:38:07'),(60,143,2,'2004-11-23 08:16:37','1976-07-19 05:34:22','1978-03-31 13:58:24','2020-06-28 08:38:07'),(61,129,2,'1999-11-14 19:44:48','1989-07-24 03:58:17','1978-09-22 04:46:42','2020-06-28 08:38:07'),(62,35,3,'2008-12-21 04:17:07','2014-12-10 10:12:23','1987-12-04 08:58:11','1974-08-18 01:04:16'),(63,137,1,'2006-10-29 10:15:47','1976-04-13 03:58:42','1984-02-13 11:45:46','1991-05-13 09:27:01'),(64,66,1,'2016-09-20 21:53:56','1997-04-30 00:51:45','1975-03-01 10:22:57','2020-06-28 08:38:07'),(65,120,3,'2013-08-17 02:37:22','1991-02-19 16:07:01','1987-04-12 13:47:08','2020-06-28 08:38:07'),(66,54,1,'1993-07-31 00:31:27','2019-04-13 17:30:45','1977-04-29 05:37:23','1978-09-14 22:13:38'),(67,168,3,'1971-08-29 09:09:05','2005-08-07 03:56:22','2012-09-05 08:52:41','2020-06-28 08:38:07'),(68,117,3,'2001-06-17 07:08:34','2018-10-06 18:24:51','2005-06-12 20:34:38','2020-06-28 08:38:07'),(69,89,1,'1973-08-30 00:50:29','1976-01-25 02:43:05','2007-05-28 07:56:24','2020-06-28 08:38:07'),(70,84,1,'2018-04-21 07:56:00','1999-03-25 04:06:55','1972-03-02 04:20:22','2020-06-28 08:38:07'),(71,25,3,'1970-06-22 06:02:51','1976-10-07 03:00:23','2000-10-27 00:01:11','2020-06-28 08:38:07'),(72,104,1,'1987-05-03 23:11:12','1988-07-12 04:43:44','2009-10-08 11:24:45','2020-06-28 08:38:07'),(73,140,1,'1973-05-22 08:25:08','1985-10-01 19:39:51','1998-02-06 16:38:30','2020-06-28 08:38:07'),(74,75,3,'2006-01-14 10:55:00','2009-09-27 07:55:55','1995-11-12 03:38:38','2020-06-28 08:25:55'),(75,135,1,'1996-03-11 23:32:00','2010-10-02 14:27:04','1977-02-25 21:36:41','1974-09-19 01:57:41'),(76,177,3,'2015-07-20 02:20:15','1971-02-14 07:19:48','2007-04-04 21:36:02','2020-06-28 08:38:07'),(77,5,3,'1989-08-21 02:22:00','1972-11-14 17:47:23','2007-06-28 18:39:08','2020-06-28 08:38:07'),(78,188,2,'1986-08-02 05:41:55','1997-05-04 03:32:02','1985-02-21 10:13:10','2020-06-28 08:38:07'),(79,27,3,'1984-02-23 13:36:24','2003-09-26 13:09:12','2013-07-08 21:21:19','2020-06-28 08:38:07'),(80,103,2,'1990-07-17 15:08:21','1975-11-05 07:51:52','1986-01-10 21:27:24','2020-06-28 08:38:07'),(81,137,3,'1991-11-18 05:59:09','2004-08-25 19:27:11','2017-10-23 23:38:02','2020-06-28 08:38:07'),(82,192,1,'2010-08-09 11:58:20','1980-01-21 18:16:48','1971-08-11 01:41:54','2020-06-28 08:38:07'),(83,195,2,'2002-04-07 14:43:42','1986-06-05 18:54:32','1989-03-28 23:24:39','2020-06-28 08:38:07'),(84,91,2,'1989-12-30 16:32:38','1986-12-11 22:41:34','2009-10-16 18:26:54','1993-09-05 15:14:10'),(85,107,3,'2002-02-05 14:43:17','2015-06-22 08:15:01','2013-06-26 04:55:39','2020-06-28 08:38:07'),(86,191,2,'1973-10-26 08:32:28','2014-08-30 13:29:04','1975-10-11 10:22:20','2020-06-28 08:38:07'),(87,64,2,'1985-06-20 15:51:01','1983-05-17 00:03:44','1991-09-05 09:27:43','2007-11-20 16:53:19'),(88,113,1,'2014-07-02 18:55:00','1976-10-20 11:32:50','1991-02-04 19:50:40','1971-06-03 21:50:30'),(89,162,1,'1983-05-16 10:48:25','1997-11-22 02:03:45','2007-08-25 13:09:14','2020-06-28 08:38:07'),(90,148,1,'2019-11-08 16:21:58','2007-08-31 13:34:40','2007-11-17 14:22:29','2020-06-28 08:38:07'),(91,3,3,'1995-04-21 01:44:30','1999-01-30 09:13:19','1975-04-23 04:13:11','2012-02-25 17:56:41'),(92,159,2,'1986-11-03 02:15:49','1971-10-25 13:09:46','1970-03-26 13:35:40','2020-06-28 08:38:07'),(93,135,1,'2007-05-22 01:47:46','2016-08-24 06:47:06','1974-03-27 15:57:31','2020-06-28 08:38:07'),(94,150,3,'1973-02-25 12:54:32','1975-01-17 02:38:30','1971-09-14 02:39:00','2020-06-28 08:38:07'),(95,198,2,'1979-08-02 07:53:18','1997-09-02 01:04:41','2016-04-19 22:03:06','1982-07-08 20:26:04'),(96,107,2,'1991-08-26 18:42:53','2006-01-06 11:35:19','1982-08-16 11:27:23','2020-06-28 08:38:07'),(97,8,2,'1993-01-11 10:33:48','2007-10-07 12:20:40','2002-09-14 16:34:12','2005-02-10 16:32:59'),(98,40,1,'1996-03-11 04:06:19','2014-06-13 20:30:34','1985-10-08 12:06:12','1971-02-26 16:19:28'),(99,6,2,'2019-08-03 20:33:41','1982-03-16 05:17:16','1972-12-15 19:04:10','2020-06-28 08:38:07'),(100,84,2,'2018-12-23 02:36:12','1999-06-15 05:12:27','2012-05-31 03:05:32','2020-06-28 08:38:07'),(101,105,1,'2012-08-17 11:54:52','2000-10-28 15:24:26','1985-10-30 08:46:47','2020-06-28 08:38:07'),(102,44,3,'1991-05-21 01:15:33','2012-06-03 07:01:59','2019-08-04 11:12:37','2020-06-28 08:38:07'),(103,169,3,'2012-02-05 04:39:21','2005-12-20 11:39:13','1977-12-21 22:21:54','2020-06-28 08:38:07'),(104,172,2,'2013-06-14 07:20:39','1977-12-16 10:32:29','1983-04-26 11:46:16','2020-06-28 08:38:07'),(105,143,1,'2016-10-04 17:12:30','2011-11-30 16:32:19','1972-12-26 11:46:26','2020-06-28 08:38:07'),(106,25,1,'1999-08-02 11:22:08','1977-11-03 06:38:50','1986-07-23 17:14:12','2020-06-28 08:38:07'),(107,43,1,'1985-05-12 20:57:26','2004-07-15 21:42:51','2007-02-16 21:10:19','2020-06-28 08:38:07'),(108,153,1,'1983-02-15 20:55:10','2012-08-23 08:04:11','1980-06-24 18:02:06','2020-06-28 08:38:07'),(109,129,2,'1990-05-04 03:28:44','1991-10-06 21:37:40','1987-05-29 12:46:13','2020-06-28 08:38:07'),(110,138,1,'1974-08-05 06:25:02','1983-05-16 03:07:58','2007-07-01 16:04:57','2020-06-28 08:38:07'),(111,153,2,'2016-10-03 20:39:56','1970-10-08 19:09:21','1972-02-12 03:34:12','2020-06-28 08:38:07'),(112,61,2,'1972-03-03 19:12:07','1994-01-11 12:39:33','1980-10-26 01:38:44','2020-06-28 08:38:07'),(113,143,2,'2003-11-06 07:35:44','1976-12-11 22:50:31','1994-01-07 21:12:33','1999-07-25 10:47:41'),(114,161,2,'1984-10-01 22:06:49','1978-09-25 09:13:30','1991-10-02 19:44:38','2020-06-28 08:38:07'),(115,30,1,'1994-07-27 00:01:17','2012-09-14 17:05:44','1993-04-29 05:44:35','1985-03-12 08:29:51'),(116,60,1,'1971-04-06 13:40:51','1975-01-11 09:37:48','1976-01-30 05:54:02','2020-06-28 08:38:07'),(117,119,1,'2002-10-01 15:13:34','1981-03-05 14:22:10','2008-07-08 00:46:01','2020-06-28 08:38:07'),(118,102,3,'2000-07-08 06:12:58','2015-10-03 01:39:14','2019-04-15 14:34:40','2020-06-28 08:38:07'),(119,60,2,'2012-03-12 18:22:10','2011-01-07 17:26:21','2017-03-28 11:09:26','1988-08-12 06:08:38'),(120,17,1,'1995-11-15 19:13:28','1998-05-22 16:08:13','1988-03-19 15:11:39','1991-08-18 12:50:01'),(121,193,1,'2010-02-24 12:28:48','1997-09-25 00:41:03','1984-11-06 12:36:56','1995-09-01 17:40:53'),(122,147,2,'1976-03-30 12:31:29','2004-05-19 14:05:52','1998-05-31 16:50:59','2020-06-28 08:38:07'),(123,24,3,'1998-09-05 04:50:04','2004-06-09 14:47:38','1981-09-25 19:09:12','2020-06-28 08:38:07'),(124,12,2,'2010-09-27 13:00:38','1977-05-29 19:45:28','1983-07-20 11:04:26','2020-06-28 08:38:07'),(125,200,3,'1972-07-01 23:07:01','1983-12-19 14:47:13','1980-11-09 02:34:37','2009-05-13 05:36:41'),(126,78,1,'1972-09-14 15:51:56','1999-06-26 13:01:44','2010-12-29 15:22:18','2020-06-28 08:38:07'),(127,194,1,'1999-02-16 10:36:42','2014-06-30 23:06:29','2015-10-21 14:41:14','2020-06-28 08:38:07'),(128,112,3,'2004-02-04 10:49:39','2011-10-13 18:10:10','2007-02-20 11:32:46','2014-07-16 11:46:40'),(129,39,2,'2010-06-29 15:36:02','1979-09-22 21:53:57','1978-08-05 03:09:35','2014-02-01 07:56:56'),(130,84,2,'1983-07-10 06:32:46','1997-10-04 07:17:22','2016-03-11 08:16:40','1998-11-08 03:30:05'),(131,117,1,'2002-07-17 15:26:20','1981-07-01 12:16:58','2018-07-01 22:52:54','2020-06-28 08:38:07'),(132,3,3,'1977-10-02 02:41:54','1993-06-17 11:47:38','2010-05-25 22:10:27','2020-06-28 08:38:07'),(133,48,3,'2014-05-18 20:12:09','2007-08-07 08:33:50','2002-02-12 04:40:39','1974-07-18 07:04:11'),(134,123,2,'1976-04-17 10:39:22','2000-08-27 07:38:03','2018-10-27 05:47:04','2020-06-28 08:38:07'),(135,178,3,'2001-12-23 21:20:52','1985-08-23 10:30:36','2012-07-17 16:53:52','2002-04-15 02:10:10'),(136,109,3,'1989-03-14 13:52:28','1997-10-09 07:00:10','1994-04-03 18:19:57','2020-06-28 08:38:07'),(137,180,1,'1987-09-21 13:31:26','1982-09-29 18:52:08','2001-05-05 12:14:46','2020-06-28 08:38:07'),(138,5,1,'1975-06-27 13:10:40','1972-12-01 01:33:51','1981-09-06 19:42:44','2014-05-16 10:13:35'),(139,155,2,'2014-07-23 14:10:17','2019-09-05 08:29:00','2018-06-05 08:14:32','2020-06-28 08:38:07'),(140,156,1,'1977-01-20 19:34:39','1999-11-14 05:38:04','2014-11-01 22:36:50','2020-06-28 08:38:07'),(141,167,2,'1984-05-29 14:28:24','2014-07-07 15:19:42','2011-11-02 00:36:51','2020-06-28 08:38:07'),(142,107,3,'1978-01-25 22:29:52','1997-01-17 00:35:42','1975-03-12 21:57:35','2020-06-28 08:38:07'),(143,173,2,'1973-09-05 22:26:55','1981-12-14 14:40:06','1985-12-05 02:08:06','2020-06-28 08:38:07'),(144,97,2,'1982-07-06 01:43:32','1980-04-12 21:22:21','2002-08-24 02:00:32','2020-06-28 08:38:07'),(145,91,2,'2020-02-15 19:34:49','2010-11-02 16:01:07','2010-05-23 07:04:14','2020-06-28 08:38:07'),(146,80,3,'2009-08-15 19:10:49','1987-03-26 16:49:21','1989-08-18 14:26:30','2020-06-28 08:38:07'),(147,124,3,'1989-10-08 16:42:00','1998-10-10 02:43:28','2016-02-04 03:51:19','2020-06-28 08:38:07'),(148,43,3,'1979-05-31 20:52:33','2011-12-17 12:31:54','2000-10-14 04:13:03','2020-06-28 08:38:07'),(149,187,2,'2016-06-18 02:35:21','2009-01-25 02:11:19','1987-11-21 09:05:33','2020-06-28 08:38:07'),(150,78,1,'1983-03-01 15:11:33','2011-11-26 18:22:54','2004-12-11 20:54:37','2020-06-28 08:38:07'),(151,105,1,'1993-09-03 12:49:54','1979-05-01 01:04:19','2013-09-14 08:47:22','2020-06-28 08:38:07'),(152,135,2,'2017-02-04 01:51:58','1995-12-03 14:57:22','1982-07-19 12:39:50','1996-12-30 19:54:12'),(153,43,2,'1985-11-11 07:01:59','1983-08-29 03:26:03','2016-03-30 21:10:43','2020-06-28 08:38:07'),(154,88,1,'1991-08-30 05:11:41','2012-04-22 17:24:49','2002-12-30 23:16:03','2020-06-28 08:38:07'),(155,156,3,'1993-04-30 02:04:50','2010-07-02 20:21:05','1997-05-29 12:46:13','2020-06-28 08:38:07'),(156,152,3,'2015-12-24 02:08:48','1986-03-04 05:54:37','1983-04-01 10:49:53','1971-11-07 02:57:46'),(157,78,3,'1998-10-26 02:52:51','2001-08-31 11:06:45','1981-12-13 16:35:18','2020-06-28 08:38:07'),(158,83,2,'1990-09-16 01:06:29','2005-04-15 02:48:36','2007-12-29 23:26:56','2020-06-28 08:38:07'),(159,76,3,'1975-02-22 17:57:41','1990-11-21 01:22:04','1985-01-17 03:27:31','2020-06-28 08:38:07'),(160,61,1,'1993-08-23 05:29:39','2009-10-26 19:55:14','1991-01-24 06:42:23','2020-06-28 08:38:07'),(161,159,3,'2016-11-18 17:02:17','1983-10-09 02:04:22','1981-06-23 17:12:52','2006-07-26 06:14:31'),(162,174,1,'1980-05-11 12:44:45','2006-07-31 14:30:43','2003-04-23 13:47:39','2020-06-28 08:38:07'),(163,23,3,'2014-09-06 01:16:54','2009-11-21 04:08:37','1977-09-01 07:07:08','2020-06-28 08:38:07'),(164,53,2,'1990-12-05 19:31:18','1983-08-08 03:54:35','1980-09-11 09:39:12','2020-06-28 08:38:07'),(165,182,1,'2015-09-17 03:18:15','1993-11-26 17:10:40','1995-11-11 15:21:15','2020-06-28 08:38:07'),(166,174,2,'1981-03-04 19:27:30','1978-09-20 16:37:19','2003-06-25 15:30:40','2010-09-18 17:05:01'),(167,118,1,'2003-04-04 22:29:22','1990-12-24 06:33:41','1992-12-06 11:58:36','2020-06-28 08:38:07'),(168,170,1,'2002-08-17 16:11:28','1986-03-05 21:50:48','2000-12-26 05:56:53','2020-06-28 08:38:07'),(169,48,2,'1974-02-28 09:13:39','2020-06-05 21:33:28','1980-06-11 03:13:08','1988-11-19 03:58:56'),(170,157,2,'1977-11-18 03:41:09','1983-12-19 05:01:51','2012-08-03 14:35:17','2020-06-28 08:38:07'),(171,102,3,'2017-03-06 15:33:33','2006-05-06 03:52:04','1977-07-02 02:18:19','1986-09-08 07:49:14'),(172,126,1,'1985-12-25 18:38:51','1982-09-10 12:06:02','1975-04-07 13:19:18','2020-06-28 08:38:07'),(173,167,2,'2018-09-27 19:17:29','1986-08-31 06:22:58','1977-11-18 06:27:06','2020-06-28 08:38:07'),(174,28,3,'2000-05-07 02:06:47','2018-04-06 22:19:19','1974-05-22 12:50:26','2020-06-28 08:38:07'),(175,187,2,'1970-02-03 05:54:12','1975-08-17 05:04:17','1990-01-30 17:50:17','1997-03-26 17:12:09'),(176,8,1,'1999-02-12 19:42:02','1979-04-11 21:01:33','1999-11-30 14:52:39','2020-06-28 08:38:07'),(177,29,3,'1998-07-18 04:00:52','1979-08-24 19:36:43','2004-05-10 06:27:00','2020-06-28 08:38:07'),(178,27,1,'1991-09-16 09:22:12','1974-11-06 00:55:58','1988-03-16 14:12:36','2020-06-28 08:38:07'),(179,198,3,'1977-02-12 16:13:45','2013-08-08 13:28:20','1985-08-13 10:31:06','2020-06-28 08:38:07'),(180,61,3,'2011-12-22 22:17:52','2020-01-29 19:34:02','1991-12-18 14:01:08','2020-06-28 08:38:07'),(181,10,2,'1980-09-22 05:33:33','2013-12-08 00:39:01','2011-04-06 14:31:29','2020-06-28 08:38:07'),(182,65,2,'1971-02-15 09:21:43','1991-01-07 19:55:58','1970-02-22 11:50:26','2020-06-28 08:38:07'),(183,142,3,'1993-07-15 18:22:13','1977-06-29 06:03:08','2011-03-08 17:51:27','2020-06-28 08:38:07'),(184,88,2,'2009-02-17 08:08:54','1979-04-01 16:28:11','1982-05-28 03:58:01','2020-06-28 08:38:07'),(185,93,2,'1985-01-31 23:31:07','1972-03-20 10:24:47','1984-09-17 08:54:29','2020-06-28 08:38:07'),(186,193,2,'1990-06-08 02:14:53','2010-05-14 12:59:45','2017-10-15 12:29:24','2020-06-28 08:38:07'),(187,153,2,'1989-10-27 18:14:01','2000-06-20 07:18:29','1992-03-08 04:50:42','2020-06-28 08:38:07'),(188,173,3,'2019-04-27 11:03:36','1970-05-17 07:11:15','2010-09-01 18:34:16','2018-05-09 09:06:21'),(189,126,2,'1991-01-06 13:26:00','2013-08-25 18:53:14','2007-02-01 00:12:38','2020-06-28 08:38:07'),(190,161,2,'2003-12-09 20:36:04','1993-08-26 19:48:34','2020-06-13 11:02:07','2020-06-28 08:38:07'),(191,89,2,'2017-05-21 01:02:23','1998-06-25 16:26:05','1974-06-27 02:00:04','2020-06-28 08:38:07'),(192,56,1,'1978-11-19 17:45:58','1994-09-12 07:56:08','1989-02-13 11:25:08','2020-06-28 08:38:07'),(193,150,3,'2000-04-11 22:07:24','1981-02-27 16:32:42','1997-03-27 07:01:57','2020-06-28 08:38:07'),(194,169,2,'2000-05-22 18:51:28','2011-05-24 10:14:55','2002-04-14 18:25:12','2020-06-28 08:38:07'),(195,162,1,'1977-07-10 12:46:05','1997-10-28 15:31:32','1996-12-29 14:04:35','2000-12-17 23:32:27'),(196,126,3,'2000-01-22 02:42:29','1996-03-20 01:13:44','1989-04-02 02:47:30','2020-06-28 08:38:07'),(197,64,2,'1971-11-14 11:22:40','1988-06-24 01:33:20','2019-05-01 18:10:55','2020-06-28 08:38:07'),(198,98,1,'2003-08-20 01:56:42','2014-01-18 16:28:32','1990-11-17 21:42:27','1973-01-05 19:56:17'),(199,25,3,'2019-07-05 12:41:44','1990-08-01 19:55:01','2015-07-19 23:49:03','2020-06-28 08:38:07'),(200,195,2,'1989-08-13 03:46:19','2004-01-31 17:55:12','2010-07-08 05:39:54','2020-06-28 08:38:07');
/*!40000 ALTER TABLE `friendship` ENABLE KEYS */;
UNLOCK TABLES;

--
-- Table structure for table `friendship_status`
--

DROP TABLE IF EXISTS `friendship_status`;
/*!40101 SET @saved_cs_client     = @@character_set_client */;
/*!50503 SET character_set_client = utf8mb4 */;
CREATE TABLE `friendship_status` (
  `id` int unsigned NOT NULL AUTO_INCREMENT,
  `name` varchar(150) CHARACTER SET utf8 COLLATE utf8_unicode_ci NOT NULL,
  `created_at` datetime DEFAULT CURRENT_TIMESTAMP,
  `updated_at` datetime DEFAULT CURRENT_TIMESTAMP ON UPDATE CURRENT_TIMESTAMP,
  PRIMARY KEY (`id`),
  UNIQUE KEY `name` (`name`)
) ENGINE=InnoDB AUTO_INCREMENT=4 DEFAULT CHARSET=utf8 COLLATE=utf8_unicode_ci;
/*!40101 SET character_set_client = @saved_cs_client */;

--
-- Dumping data for table `friendship_status`
--

LOCK TABLES `friendship_status` WRITE;
/*!40000 ALTER TABLE `friendship_status` DISABLE KEYS */;
INSERT INTO `friendship_status` VALUES (1,'Requested','2020-06-28 08:27:51','2020-06-28 08:27:51'),(2,'Confirmed','2020-06-28 08:27:51','2020-06-28 08:27:51'),(3,'Rejected','2020-06-28 08:27:51','2020-06-28 08:27:51');
/*!40000 ALTER TABLE `friendship_status` ENABLE KEYS */;
UNLOCK TABLES;

--
-- Table structure for table `media`
--

DROP TABLE IF EXISTS `media`;
/*!40101 SET @saved_cs_client     = @@character_set_client */;
/*!50503 SET character_set_client = utf8mb4 */;
CREATE TABLE `media` (
  `id` int unsigned NOT NULL AUTO_INCREMENT,
  `user_id` int unsigned NOT NULL,
  `file_name` varchar(150) CHARACTER SET utf8 COLLATE utf8_unicode_ci NOT NULL,
  `size` int NOT NULL,
  `metadata` json DEFAULT NULL,
  `media_type_id` int unsigned NOT NULL,
  `created_at` datetime DEFAULT CURRENT_TIMESTAMP,
  `updated_at` datetime DEFAULT CURRENT_TIMESTAMP ON UPDATE CURRENT_TIMESTAMP,
  PRIMARY KEY (`id`),
  CONSTRAINT `media_chk_1` CHECK (json_valid(`metadata`))
) ENGINE=InnoDB AUTO_INCREMENT=151 DEFAULT CHARSET=utf8 COLLATE=utf8_unicode_ci;
/*!40101 SET character_set_client = @saved_cs_client */;

--
-- Dumping data for table `media`
--

LOCK TABLES `media` WRITE;
/*!40000 ALTER TABLE `media` DISABLE KEYS */;
INSERT INTO `media` VALUES (1,95,'https://dropbox/vk/officia.jpeg',871063716,'{\"owner\": \"Pedro Wehner\"}',1,'1998-01-05 20:41:38','2020-06-28 08:18:29'),(2,106,'https://dropbox/vk/optio.jpeg',91991035,'{\"owner\": \"Lyric Lemke\"}',2,'2012-08-09 01:57:58','2020-06-28 08:18:29'),(3,38,'https://dropbox/vk/nobis.png',97409,'{\"owner\": \"Dylan Weber\"}',3,'1979-07-04 16:19:35','2020-06-28 08:18:29'),(4,181,'https://dropbox/vk/necessitatibus.mpeg',57385,'{\"owner\": \"Melody Gusikowski\"}',4,'2005-11-22 23:40:07','2020-06-28 08:18:29'),(5,7,'https://dropbox/vk/asperiores.mpeg',5211,'{\"owner\": \"Watson Mraz\"}',1,'2003-04-08 13:17:46','2020-06-28 08:18:29'),(6,104,'https://dropbox/vk/qui.jpeg',3792088,'{\"owner\": \"Lawrence Langosh\"}',2,'1982-04-12 18:37:34','2020-06-28 08:18:29'),(7,106,'https://dropbox/vk/quia.jpeg',100784,'{\"owner\": \"Lyric Lemke\"}',3,'1988-08-25 05:50:38','2020-06-28 08:18:29'),(8,171,'https://dropbox/vk/dolore.jpeg',21767,'{\"owner\": \"Mohammad Mayert\"}',4,'1978-04-15 18:40:07','2020-06-28 08:18:29'),(9,48,'https://dropbox/vk/odit.jpeg',96483,'{\"owner\": \"Curt Sporer\"}',1,'1983-07-11 13:47:00','2020-06-28 08:18:29'),(10,39,'https://dropbox/vk/sed.avi',107112,'{\"owner\": \"Logan Wiza\"}',2,'1992-11-24 02:13:26','2020-06-28 08:18:29'),(11,106,'https://dropbox/vk/voluptates.png',166645988,'{\"owner\": \"Lyric Lemke\"}',3,'1998-03-14 15:41:30','2020-06-28 08:18:29'),(12,38,'https://dropbox/vk/unde.avi',36115,'{\"owner\": \"Dylan Weber\"}',4,'1971-11-10 22:34:41','2020-06-28 08:18:29'),(13,147,'https://dropbox/vk/libero.mpeg',49238,'{\"owner\": \"Karley Considine\"}',1,'1986-03-07 09:49:54','2020-06-28 08:18:29'),(14,122,'https://dropbox/vk/libero.mpeg',27847,'{\"owner\": \"Yasmine Reinger\"}',2,'1995-06-11 22:36:03','2020-06-28 08:18:29'),(15,17,'https://dropbox/vk/reprehenderit.png',9127,'{\"owner\": \"Zelma Eichmann\"}',3,'2019-08-21 13:24:40','2020-06-28 08:18:29'),(16,75,'https://dropbox/vk/architecto.jpeg',81519,'{\"owner\": \"Ricky Toy\"}',4,'1986-10-05 15:52:31','2020-06-28 08:18:29'),(17,73,'https://dropbox/vk/et.png',14056,'{\"owner\": \"Emile Reichel\"}',1,'2014-09-07 03:50:24','2020-06-28 08:18:29'),(18,162,'https://dropbox/vk/debitis.mpeg',96494861,'{\"owner\": \"Rodrick Walker\"}',2,'1998-09-14 06:21:42','2020-06-28 08:18:29'),(19,28,'https://dropbox/vk/est.avi',6585089,'{\"owner\": \"Mollie Zboncak\"}',3,'2015-12-10 09:56:48','2020-06-28 08:18:29'),(20,141,'https://dropbox/vk/omnis.jpeg',15722,'{\"owner\": \"Chyna Blanda\"}',4,'2017-01-17 19:19:11','2020-06-28 08:18:29'),(21,12,'https://dropbox/vk/minima.png',696393,'{\"owner\": \"Rosanna Schuppe\"}',1,'2015-07-01 20:25:43','2020-06-28 08:18:29'),(22,128,'https://dropbox/vk/officia.avi',26443,'{\"owner\": \"Cortez Monahan\"}',2,'1975-09-01 19:27:29','2020-06-28 08:18:29'),(23,102,'https://dropbox/vk/sed.png',77421191,'{\"owner\": \"Ole Turcotte\"}',3,'2017-12-27 12:56:09','2020-06-28 08:18:29'),(24,36,'https://dropbox/vk/ducimus.avi',5599369,'{\"owner\": \"Lincoln Nitzsche\"}',4,'2003-05-15 06:05:38','2020-06-28 08:18:29'),(25,63,'https://dropbox/vk/quis.jpeg',734832629,'{\"owner\": \"Garfield Veum\"}',1,'1987-10-22 13:22:25','2020-06-28 08:18:29'),(26,60,'https://dropbox/vk/explicabo.mpeg',3560,'{\"owner\": \"Ismael Crist\"}',2,'1998-05-26 11:13:10','2020-06-28 08:18:29'),(27,56,'https://dropbox/vk/sint.png',4643031,'{\"owner\": \"Elvis Ondricka\"}',3,'2001-02-01 15:08:17','2020-06-28 08:18:29'),(28,170,'https://dropbox/vk/voluptates.jpeg',931522308,'{\"owner\": \"Hilario Olson\"}',4,'1981-07-29 08:20:51','2020-06-28 08:18:29'),(29,76,'https://dropbox/vk/et.jpeg',75051,'{\"owner\": \"Jasmin Cremin\"}',1,'1991-09-13 10:44:04','2020-06-28 08:18:29'),(30,144,'https://dropbox/vk/nostrum.avi',78376,'{\"owner\": \"Estefania Sporer\"}',2,'2014-02-16 23:51:07','2020-06-28 08:18:29'),(31,131,'https://dropbox/vk/optio.avi',84932924,'{\"owner\": \"Damien Runte\"}',3,'1991-04-17 07:58:57','2020-06-28 08:18:29'),(32,170,'https://dropbox/vk/in.avi',85926,'{\"owner\": \"Hilario Olson\"}',4,'2005-06-05 02:49:58','2020-06-28 08:18:29'),(33,50,'https://dropbox/vk/explicabo.mpeg',94477,'{\"owner\": \"Crystal Schmidt\"}',1,'1972-04-02 00:42:47','2020-06-28 08:18:29'),(34,169,'https://dropbox/vk/laudantium.avi',104609,'{\"owner\": \"Jarrod Terry\"}',2,'1990-07-01 00:17:59','2020-06-28 08:18:29'),(35,151,'https://dropbox/vk/nisi.png',353228,'{\"owner\": \"Kara Hamill\"}',3,'2011-02-07 03:12:25','2020-06-28 08:18:29'),(36,56,'https://dropbox/vk/et.avi',768881,'{\"owner\": \"Elvis Ondricka\"}',4,'1981-08-09 13:10:09','2020-06-28 08:18:29'),(37,72,'https://dropbox/vk/quia.png',6824600,'{\"owner\": \"Dina Rogahn\"}',1,'2001-12-27 23:00:41','2020-06-28 08:18:29'),(38,57,'https://dropbox/vk/sit.jpeg',29614,'{\"owner\": \"Ken Lubowitz\"}',2,'1982-04-26 02:14:01','2020-06-28 08:18:29'),(39,26,'https://dropbox/vk/impedit.mpeg',24244,'{\"owner\": \"Milan Jacobson\"}',3,'1992-02-20 11:28:44','2020-06-28 08:18:29'),(40,119,'https://dropbox/vk/similique.png',22379,'{\"owner\": \"Demond Towne\"}',4,'2013-02-14 11:31:21','2020-06-28 08:18:29'),(41,95,'https://dropbox/vk/et.jpeg',86090,'{\"owner\": \"Pedro Wehner\"}',1,'2015-09-01 22:37:43','2020-06-28 08:18:29'),(42,132,'https://dropbox/vk/est.jpeg',29162,'{\"owner\": \"Heidi Treutel\"}',2,'2012-03-13 00:43:59','2020-06-28 08:18:29'),(43,157,'https://dropbox/vk/vero.mpeg',24956137,'{\"owner\": \"Sunny O\'Kon\"}',3,'1983-05-13 17:54:42','2020-06-28 08:18:29'),(44,41,'https://dropbox/vk/vitae.png',694995095,'{\"owner\": \"Nyah White\"}',4,'1980-06-16 11:20:38','2020-06-28 08:18:29'),(45,54,'https://dropbox/vk/in.mpeg',68673,'{\"owner\": \"Ana Bosco\"}',1,'1989-07-31 10:43:38','2020-06-28 08:18:29'),(46,174,'https://dropbox/vk/aut.avi',45880,'{\"owner\": \"Zena Hirthe\"}',2,'1980-03-08 18:58:28','2020-06-28 08:18:29'),(47,116,'https://dropbox/vk/dolor.mpeg',210704,'{\"owner\": \"Vena Gaylord\"}',3,'2011-06-10 08:43:10','2020-06-28 08:18:29'),(48,126,'https://dropbox/vk/sunt.jpeg',13381,'{\"owner\": \"Stephan Wiegand\"}',4,'1992-02-19 11:35:04','2020-06-28 08:18:29'),(49,135,'https://dropbox/vk/aliquam.mpeg',6280,'{\"owner\": \"Albina Marvin\"}',1,'2007-05-08 02:56:29','2020-06-28 08:18:29'),(50,143,'https://dropbox/vk/nam.png',19266,'{\"owner\": \"Sally Rau\"}',2,'2012-06-22 08:31:39','2020-06-28 08:18:29'),(51,67,'https://dropbox/vk/sed.jpeg',46186,'{\"owner\": \"Melissa Nicolas\"}',3,'2014-11-26 17:32:39','2020-06-28 08:18:29'),(52,147,'https://dropbox/vk/est.png',66386823,'{\"owner\": \"Karley Considine\"}',4,'1992-03-11 17:40:30','2020-06-28 08:18:29'),(53,71,'https://dropbox/vk/quo.png',63134,'{\"owner\": \"Ole Jones\"}',1,'1977-11-12 23:13:22','2020-06-28 08:18:29'),(54,168,'https://dropbox/vk/eos.jpeg',16150049,'{\"owner\": \"Constance Walker\"}',2,'1990-11-26 09:23:21','2020-06-28 08:18:29'),(55,183,'https://dropbox/vk/inventore.jpeg',89658364,'{\"owner\": \"Noemi Osinski\"}',3,'1994-03-07 06:45:32','2020-06-28 08:18:29'),(56,133,'https://dropbox/vk/ea.avi',24421,'{\"owner\": \"Michale Stracke\"}',4,'2005-08-04 05:40:41','2020-06-28 08:18:29'),(57,27,'https://dropbox/vk/doloribus.mpeg',67113,'{\"owner\": \"Ollie Hauck\"}',1,'2017-08-24 16:48:35','2020-06-28 08:18:29'),(58,38,'https://dropbox/vk/ipsam.mpeg',1792403,'{\"owner\": \"Dylan Weber\"}',2,'1970-05-07 11:09:13','2020-06-28 08:18:29'),(59,103,'https://dropbox/vk/nostrum.png',1553,'{\"owner\": \"Jabari Ondricka\"}',3,'1992-09-04 08:26:56','2020-06-28 08:18:29'),(60,103,'https://dropbox/vk/omnis.jpeg',36164,'{\"owner\": \"Jabari Ondricka\"}',4,'1980-03-13 02:31:18','2020-06-28 08:18:29'),(61,182,'https://dropbox/vk/distinctio.mpeg',6029698,'{\"owner\": \"Emilia Wisoky\"}',1,'1997-08-08 02:12:42','2020-06-28 08:18:29'),(62,33,'https://dropbox/vk/repellendus.png',388975,'{\"owner\": \"Candido Hackett\"}',2,'2004-05-20 04:54:24','2020-06-28 08:18:29'),(63,73,'https://dropbox/vk/dolores.jpeg',7910,'{\"owner\": \"Emile Reichel\"}',3,'1976-03-10 02:36:28','2020-06-28 08:18:29'),(64,32,'https://dropbox/vk/omnis.png',51658,'{\"owner\": \"Brandy Franecki\"}',4,'2003-05-01 01:15:14','2020-06-28 08:18:29'),(65,2,'https://dropbox/vk/perferendis.jpeg',4266769,'{\"owner\": \"Lucas Mills\"}',1,'1997-12-22 13:57:29','2020-06-28 08:18:29'),(66,23,'https://dropbox/vk/quos.png',69482,'{\"owner\": \"Shanny Larson\"}',2,'1993-09-29 15:58:32','2020-06-28 08:18:29'),(67,87,'https://dropbox/vk/sed.png',713145,'{\"owner\": \"Lexi Kuhn\"}',3,'1992-06-25 12:33:29','2020-06-28 08:18:29'),(68,73,'https://dropbox/vk/impedit.png',3156,'{\"owner\": \"Emile Reichel\"}',4,'1988-05-23 04:30:11','2020-06-28 08:18:29'),(69,79,'https://dropbox/vk/autem.jpeg',901907450,'{\"owner\": \"Zane Kuhn\"}',1,'1993-11-13 07:39:28','2020-06-28 08:18:29'),(70,113,'https://dropbox/vk/illum.avi',1328808,'{\"owner\": \"Randall Ledner\"}',2,'2000-11-22 22:43:24','2020-06-28 08:18:29'),(71,192,'https://dropbox/vk/iusto.jpeg',3282078,'{\"owner\": \"Elmira Windler\"}',3,'1972-04-03 21:24:45','2020-06-28 08:18:29'),(72,173,'https://dropbox/vk/incidunt.mpeg',869835,'{\"owner\": \"Florine Muller\"}',4,'2007-09-26 04:20:19','2020-06-28 08:18:29'),(73,44,'https://dropbox/vk/reprehenderit.mpeg',28916,'{\"owner\": \"Breanne Hyatt\"}',1,'2000-09-27 15:06:21','2020-06-28 08:18:29'),(74,148,'https://dropbox/vk/dolor.png',26134,'{\"owner\": \"Aleen Hoeger\"}',2,'2006-07-14 08:11:40','2020-06-28 08:18:29'),(75,13,'https://dropbox/vk/placeat.avi',33922,'{\"owner\": \"Rosamond Swaniawski\"}',3,'2011-05-02 19:52:08','2020-06-28 08:18:29'),(76,97,'https://dropbox/vk/sunt.avi',81210,'{\"owner\": \"Michaela Bernhard\"}',4,'2015-11-07 05:51:23','2020-06-28 08:18:29'),(77,122,'https://dropbox/vk/molestiae.mpeg',680080,'{\"owner\": \"Yasmine Reinger\"}',1,'1986-11-03 23:57:24','2020-06-28 08:18:29'),(78,128,'https://dropbox/vk/non.avi',94286,'{\"owner\": \"Cortez Monahan\"}',2,'1990-03-16 00:51:08','2020-06-28 08:18:29'),(79,23,'https://dropbox/vk/placeat.jpeg',968443,'{\"owner\": \"Shanny Larson\"}',3,'1970-03-17 18:59:16','2020-06-28 08:18:29'),(80,57,'https://dropbox/vk/iure.png',17799,'{\"owner\": \"Ken Lubowitz\"}',4,'2011-09-28 17:08:36','2020-06-28 08:18:29'),(81,71,'https://dropbox/vk/repellendus.png',96140,'{\"owner\": \"Ole Jones\"}',1,'1971-04-24 11:25:07','2020-06-28 08:18:29'),(82,89,'https://dropbox/vk/minima.mpeg',822007151,'{\"owner\": \"Dorris Lehner\"}',2,'1978-10-30 06:20:57','2020-06-28 08:18:29'),(83,3,'https://dropbox/vk/velit.jpeg',340905204,'{\"owner\": \"Paula Hilpert\"}',3,'2012-08-27 00:04:38','2020-06-28 08:18:29'),(84,142,'https://dropbox/vk/non.mpeg',9660,'{\"owner\": \"Lance Nolan\"}',4,'2003-02-14 15:57:16','2020-06-28 08:18:29'),(85,56,'https://dropbox/vk/sit.avi',866881681,'{\"owner\": \"Elvis Ondricka\"}',1,'1994-10-19 10:54:07','2020-06-28 08:18:29'),(86,185,'https://dropbox/vk/veniam.avi',3816,'{\"owner\": \"Julien Zemlak\"}',2,'2001-11-14 21:01:27','2020-06-28 08:18:29'),(87,74,'https://dropbox/vk/odit.jpeg',17300,'{\"owner\": \"Tess Champlin\"}',3,'1972-11-13 13:50:55','2020-06-28 08:18:29'),(88,83,'https://dropbox/vk/esse.png',416688269,'{\"owner\": \"Sterling Dooley\"}',4,'2002-04-27 19:10:18','2020-06-28 08:18:29'),(89,23,'https://dropbox/vk/deserunt.jpeg',537100739,'{\"owner\": \"Shanny Larson\"}',1,'1988-01-16 15:58:07','2020-06-28 08:18:29'),(90,177,'https://dropbox/vk/nostrum.png',49906,'{\"owner\": \"Selina Bradtke\"}',2,'2005-04-13 23:26:26','2020-06-28 08:18:29'),(91,185,'https://dropbox/vk/cum.mpeg',62587,'{\"owner\": \"Julien Zemlak\"}',3,'1993-04-29 11:10:38','2020-06-28 08:18:29'),(92,5,'https://dropbox/vk/eum.jpeg',88083,'{\"owner\": \"Annamarie Reinger\"}',4,'2011-03-31 14:43:31','2020-06-28 08:18:29'),(93,9,'https://dropbox/vk/aut.png',78516,'{\"owner\": \"Alta Cassin\"}',1,'1999-08-21 05:14:36','2020-06-28 08:18:29'),(94,57,'https://dropbox/vk/quia.png',18329,'{\"owner\": \"Ken Lubowitz\"}',2,'1973-08-29 01:23:25','2020-06-28 08:18:29'),(95,36,'https://dropbox/vk/adipisci.avi',69369364,'{\"owner\": \"Lincoln Nitzsche\"}',3,'1970-03-29 06:36:53','2020-06-28 08:18:29'),(96,11,'https://dropbox/vk/corporis.jpeg',5202725,'{\"owner\": \"Helene Bode\"}',4,'2014-04-15 14:22:12','2020-06-28 08:18:29'),(97,80,'https://dropbox/vk/sint.avi',46097,'{\"owner\": \"Elvis Schuster\"}',1,'1992-07-19 20:41:09','2020-06-28 08:18:29'),(98,122,'https://dropbox/vk/dolor.jpeg',77826,'{\"owner\": \"Yasmine Reinger\"}',2,'2008-06-15 20:33:52','2020-06-28 08:18:29'),(99,83,'https://dropbox/vk/blanditiis.mpeg',85598,'{\"owner\": \"Sterling Dooley\"}',3,'1977-03-28 15:34:46','2020-06-28 08:18:29'),(100,158,'https://dropbox/vk/laboriosam.mpeg',65499,'{\"owner\": \"Clint Runolfsson\"}',4,'2012-09-13 03:14:57','2020-06-28 08:18:29'),(101,35,'https://dropbox/vk/et.png',79205,'{\"owner\": \"Chelsie Koelpin\"}',1,'2008-03-05 14:07:14','2020-06-28 08:18:29'),(102,74,'https://dropbox/vk/quia.avi',50018174,'{\"owner\": \"Tess Champlin\"}',2,'1992-12-16 09:33:23','2020-06-28 08:18:29'),(103,131,'https://dropbox/vk/qui.png',55263,'{\"owner\": \"Damien Runte\"}',3,'2009-05-04 09:46:18','2020-06-28 08:18:29'),(104,78,'https://dropbox/vk/enim.jpeg',89530,'{\"owner\": \"Santino Pfeffer\"}',4,'1988-05-08 11:00:42','2020-06-28 08:18:29'),(105,22,'https://dropbox/vk/qui.avi',100037,'{\"owner\": \"Gerald Block\"}',1,'2015-05-19 02:42:34','2020-06-28 08:18:29'),(106,144,'https://dropbox/vk/tenetur.jpeg',21592,'{\"owner\": \"Estefania Sporer\"}',2,'2000-07-23 23:47:37','2020-06-28 08:18:29'),(107,175,'https://dropbox/vk/dolore.mpeg',97850,'{\"owner\": \"Augusta Hilll\"}',3,'1999-07-15 14:23:28','2020-06-28 08:18:29'),(108,143,'https://dropbox/vk/quis.mpeg',14476,'{\"owner\": \"Sally Rau\"}',4,'1972-11-17 23:10:38','2020-06-28 08:18:29'),(109,72,'https://dropbox/vk/veritatis.mpeg',6734,'{\"owner\": \"Dina Rogahn\"}',1,'1977-09-07 05:03:26','2020-06-28 08:18:29'),(110,197,'https://dropbox/vk/quis.mpeg',68831,'{\"owner\": \"Haskell Corkery\"}',2,'1988-12-19 14:05:23','2020-06-28 08:18:29'),(111,199,'https://dropbox/vk/est.avi',90727,'{\"owner\": \"Madelyn Torp\"}',3,'1976-05-27 02:09:35','2020-06-28 08:18:29'),(112,142,'https://dropbox/vk/sunt.png',4181733,'{\"owner\": \"Lance Nolan\"}',4,'1982-08-25 17:15:53','2020-06-28 08:18:29'),(113,86,'https://dropbox/vk/dolor.jpeg',37143,'{\"owner\": \"Warren Cormier\"}',1,'2002-08-28 16:27:44','2020-06-28 08:18:29'),(114,2,'https://dropbox/vk/fugiat.mpeg',60635021,'{\"owner\": \"Lucas Mills\"}',2,'1976-09-07 15:51:22','2020-06-28 08:18:29'),(115,83,'https://dropbox/vk/aut.jpeg',103532,'{\"owner\": \"Sterling Dooley\"}',3,'1987-09-09 22:42:46','2020-06-28 08:18:29'),(116,141,'https://dropbox/vk/fuga.png',38757,'{\"owner\": \"Chyna Blanda\"}',4,'2012-07-01 17:16:58','2020-06-28 08:18:29'),(117,187,'https://dropbox/vk/accusamus.png',8433,'{\"owner\": \"Elias Okuneva\"}',1,'1987-11-18 04:58:21','2020-06-28 08:18:29'),(118,157,'https://dropbox/vk/sapiente.png',3514,'{\"owner\": \"Sunny O\'Kon\"}',2,'1978-02-03 17:03:51','2020-06-28 08:18:29'),(119,24,'https://dropbox/vk/pariatur.mpeg',96233,'{\"owner\": \"Harley Veum\"}',3,'1986-06-06 10:22:13','2020-06-28 08:18:29'),(120,9,'https://dropbox/vk/repellendus.png',283562,'{\"owner\": \"Alta Cassin\"}',4,'2007-12-18 17:11:17','2020-06-28 08:18:29'),(121,133,'https://dropbox/vk/ducimus.mpeg',70854748,'{\"owner\": \"Michale Stracke\"}',1,'1980-10-19 12:24:52','2020-06-28 08:18:29'),(122,8,'https://dropbox/vk/nemo.jpeg',1375985,'{\"owner\": \"Abdul Lesch\"}',2,'2003-01-08 20:01:37','2020-06-28 08:18:29'),(123,13,'https://dropbox/vk/corrupti.png',661451,'{\"owner\": \"Rosamond Swaniawski\"}',3,'1989-09-07 23:36:53','2020-06-28 08:18:29'),(124,142,'https://dropbox/vk/a.jpeg',81696357,'{\"owner\": \"Lance Nolan\"}',4,'1988-10-29 13:53:33','2020-06-28 08:18:29'),(125,65,'https://dropbox/vk/quaerat.png',60571,'{\"owner\": \"Danika DuBuque\"}',1,'2002-04-28 09:18:37','2020-06-28 08:18:29'),(126,49,'https://dropbox/vk/distinctio.jpeg',104154,'{\"owner\": \"Avis Hermann\"}',2,'2016-06-13 13:38:33','2020-06-28 08:18:29'),(127,152,'https://dropbox/vk/quasi.avi',24476809,'{\"owner\": \"Gabriel Kessler\"}',3,'2006-08-04 08:37:02','2020-06-28 08:18:29'),(128,144,'https://dropbox/vk/voluptatem.mpeg',29058,'{\"owner\": \"Estefania Sporer\"}',4,'1986-07-20 08:18:33','2020-06-28 08:18:29'),(129,171,'https://dropbox/vk/sint.jpeg',22827,'{\"owner\": \"Mohammad Mayert\"}',1,'1996-10-31 20:46:23','2020-06-28 08:18:29'),(130,35,'https://dropbox/vk/id.jpeg',16964,'{\"owner\": \"Chelsie Koelpin\"}',2,'1971-11-18 08:59:36','2020-06-28 08:18:29'),(131,102,'https://dropbox/vk/minima.avi',106337,'{\"owner\": \"Ole Turcotte\"}',3,'1984-01-08 16:48:21','2020-06-28 08:18:29'),(132,5,'https://dropbox/vk/vero.mpeg',70797,'{\"owner\": \"Annamarie Reinger\"}',4,'2002-08-05 05:38:52','2020-06-28 08:18:29'),(133,109,'https://dropbox/vk/qui.mpeg',37130,'{\"owner\": \"Reyna Tillman\"}',1,'1971-11-07 07:19:28','2020-06-28 08:18:29'),(134,32,'https://dropbox/vk/odit.png',203848,'{\"owner\": \"Brandy Franecki\"}',2,'2011-11-08 05:20:55','2020-06-28 08:18:29'),(135,83,'https://dropbox/vk/sed.jpeg',820509,'{\"owner\": \"Sterling Dooley\"}',3,'1997-07-23 08:12:57','2020-06-28 08:18:29'),(136,130,'https://dropbox/vk/reprehenderit.avi',239401,'{\"owner\": \"Shemar Shields\"}',4,'2000-04-13 00:44:35','2020-06-28 08:18:29'),(137,175,'https://dropbox/vk/ad.png',24971,'{\"owner\": \"Augusta Hilll\"}',1,'1971-08-06 23:57:15','2020-06-28 08:18:29'),(138,57,'https://dropbox/vk/et.jpeg',56027,'{\"owner\": \"Ken Lubowitz\"}',2,'1989-12-01 17:58:11','2020-06-28 08:18:29'),(139,73,'https://dropbox/vk/repudiandae.png',102466,'{\"owner\": \"Emile Reichel\"}',3,'2004-01-05 16:25:18','2020-06-28 08:18:29'),(140,46,'https://dropbox/vk/id.mpeg',1832144,'{\"owner\": \"Nakia Koss\"}',4,'2007-01-04 16:14:52','2020-06-28 08:18:29'),(141,54,'https://dropbox/vk/vero.jpeg',27417,'{\"owner\": \"Ana Bosco\"}',1,'2007-12-08 03:27:29','2020-06-28 08:18:29'),(142,72,'https://dropbox/vk/et.jpeg',19687,'{\"owner\": \"Dina Rogahn\"}',2,'1996-06-19 04:27:40','2020-06-28 08:18:29'),(143,188,'https://dropbox/vk/labore.jpeg',469100,'{\"owner\": \"Madeline Rosenbaum\"}',3,'1976-10-16 04:35:10','2020-06-28 08:18:29'),(144,139,'https://dropbox/vk/perferendis.avi',7736376,'{\"owner\": \"Joy Frami\"}',4,'1988-07-15 16:46:38','2020-06-28 08:18:29'),(145,73,'https://dropbox/vk/consequatur.png',538390844,'{\"owner\": \"Emile Reichel\"}',1,'2016-09-24 09:21:52','2020-06-28 08:18:29'),(146,71,'https://dropbox/vk/debitis.png',41615,'{\"owner\": \"Ole Jones\"}',2,'1992-10-27 17:27:40','2020-06-28 08:18:29'),(147,80,'https://dropbox/vk/atque.png',587944,'{\"owner\": \"Elvis Schuster\"}',3,'1983-02-10 16:04:12','2020-06-28 08:18:29'),(148,59,'https://dropbox/vk/beatae.avi',106184,'{\"owner\": \"Carlotta Schmitt\"}',4,'1997-11-26 13:33:28','2020-06-28 08:18:29'),(149,27,'https://dropbox/vk/quo.jpeg',61861,'{\"owner\": \"Ollie Hauck\"}',1,'1999-04-18 20:28:37','2020-06-28 08:18:29'),(150,103,'https://dropbox/vk/blanditiis.jpeg',80755,'{\"owner\": \"Jabari Ondricka\"}',2,'1986-10-10 02:27:47','2020-06-28 08:18:29');
/*!40000 ALTER TABLE `media` ENABLE KEYS */;
UNLOCK TABLES;

--
-- Table structure for table `media_types`
--

DROP TABLE IF EXISTS `media_types`;
/*!40101 SET @saved_cs_client     = @@character_set_client */;
/*!50503 SET character_set_client = utf8mb4 */;
CREATE TABLE `media_types` (
  `id` int unsigned NOT NULL AUTO_INCREMENT,
  `name` varchar(150) CHARACTER SET utf8 COLLATE utf8_unicode_ci NOT NULL,
  `created_at` datetime DEFAULT CURRENT_TIMESTAMP,
  `updated_at` datetime DEFAULT CURRENT_TIMESTAMP ON UPDATE CURRENT_TIMESTAMP,
  PRIMARY KEY (`id`),
  UNIQUE KEY `name` (`name`)
) ENGINE=InnoDB AUTO_INCREMENT=4 DEFAULT CHARSET=utf8 COLLATE=utf8_unicode_ci;
/*!40101 SET character_set_client = @saved_cs_client */;

--
-- Dumping data for table `media_types`
--

LOCK TABLES `media_types` WRITE;
/*!40000 ALTER TABLE `media_types` DISABLE KEYS */;
INSERT INTO `media_types` VALUES (1,'photo','2020-06-28 07:52:40','2020-06-28 07:52:40'),(2,'video','2020-06-28 07:52:40','2020-06-28 07:52:40'),(3,'audio','2020-06-28 07:52:40','2020-06-28 07:52:40');
/*!40000 ALTER TABLE `media_types` ENABLE KEYS */;
UNLOCK TABLES;

--
-- Table structure for table `messages`
--

DROP TABLE IF EXISTS `messages`;
/*!40101 SET @saved_cs_client     = @@character_set_client */;
/*!50503 SET character_set_client = utf8mb4 */;
CREATE TABLE `messages` (
  `id` int unsigned NOT NULL AUTO_INCREMENT,
  `from_user_id` int unsigned NOT NULL,
  `to_user_id` int unsigned NOT NULL,
  `body` text CHARACTER SET utf8 COLLATE utf8_unicode_ci NOT NULL,
  `is_important` tinyint(1) DEFAULT NULL,
  `is_delivered` tinyint(1) DEFAULT NULL,
  `created_at` datetime DEFAULT CURRENT_TIMESTAMP,
  `updated_at` datetime DEFAULT CURRENT_TIMESTAMP ON UPDATE CURRENT_TIMESTAMP,
  PRIMARY KEY (`id`)
) ENGINE=InnoDB AUTO_INCREMENT=101 DEFAULT CHARSET=utf8 COLLATE=utf8_unicode_ci;
/*!40101 SET character_set_client = @saved_cs_client */;

--
-- Dumping data for table `messages`
--

LOCK TABLES `messages` WRITE;
/*!40000 ALTER TABLE `messages` DISABLE KEYS */;
INSERT INTO `messages` VALUES (1,191,106,'Atque odio fugit exercitationem quis et suscipit sint. At et inventore ut. Id assumenda non molestias ab mollitia. Labore in officia nobis iure.',1,1,'1998-12-22 03:53:51','2019-02-08 15:39:26'),(2,2,9,'Sed ex qui qui delectus. Nihil atque et nostrum nihil deserunt. Quo est rerum sed enim. Optio maxime nesciunt modi qui.',1,1,'1987-03-01 15:00:26','1971-01-13 15:13:38'),(3,164,14,'Dolorem dolor aliquid ut autem. Ducimus est molestias quibusdam facere corrupti laboriosam. Animi quia impedit hic perferendis odio cumque. Adipisci iusto repudiandae vitae harum praesentium.',0,0,'2008-11-06 20:05:45','1974-10-29 12:01:24'),(4,14,69,'Facere quas eveniet enim rerum quisquam dicta. Eius molestias quisquam placeat eum neque. Voluptate ex tempore nihil optio deleniti cum. Voluptatem minus illo eveniet qui et qui.',1,1,'1982-12-20 10:16:55','2016-03-13 22:29:10'),(5,87,1,'Atque consequatur quidem impedit. Sit itaque ut atque dignissimos distinctio. Voluptatibus sit doloribus iusto nulla quia est.',0,0,'1973-05-31 08:35:18','1995-07-22 15:20:56'),(6,115,124,'Expedita sequi aperiam aut sed quia sapiente. Deleniti eligendi corrupti atque nisi minus est. Amet porro eos velit nam in eius maxime.',0,0,'1986-05-30 13:30:38','1976-06-18 11:12:49'),(7,88,161,'Veritatis nisi quibusdam cumque doloribus. Sunt cum dolor sapiente perferendis iure pariatur adipisci eos.',0,1,'1988-03-05 04:59:55','1974-12-03 15:54:22'),(8,110,127,'Est dolorum omnis debitis culpa hic sed. Aut magni non vitae libero deserunt. Ut placeat porro eum autem consequuntur in. Eos et amet eligendi officiis officia.',1,1,'1970-11-01 22:14:26','1974-07-11 01:16:13'),(9,128,67,'Doloribus quas sed ut nisi iure velit. Omnis aut qui minus architecto consectetur quo. Labore labore quo quae qui rerum ab sint impedit.',1,0,'2011-12-01 03:40:54','1982-07-04 01:55:46'),(10,145,174,'Aut quisquam qui eos dolorum quo nulla magnam. Hic repellat quas id sit. Dolor odio maxime totam ipsum dolorem earum id.',0,1,'2001-12-26 15:23:04','2008-07-06 11:26:16'),(11,3,88,'Quis nostrum ut voluptates non non nulla. In harum nostrum magnam voluptas quae omnis. Laudantium optio suscipit officiis iure vel.',0,0,'2004-10-06 18:48:02','1989-12-08 10:26:39'),(12,149,134,'Eveniet praesentium dignissimos quia nihil autem omnis. Rerum ea sint et sapiente est est dolor consequatur. Facere non quisquam sed. Libero molestiae perspiciatis sunt quas eum.',1,0,'2015-09-13 21:02:57','1994-05-14 04:52:23'),(13,16,4,'Consequuntur voluptatem quaerat nam quis facere sequi maxime. Accusantium sit expedita officiis ut soluta ullam. Accusamus id quaerat facilis nulla sequi et eligendi.',1,1,'2019-06-30 16:49:51','2012-01-14 21:35:58'),(14,171,14,'Qui eos minus cum nihil corporis. In facere velit voluptatem impedit fugiat itaque officia. Qui atque dolor quod nam.',0,0,'2014-12-01 18:56:13','2019-09-04 00:03:53'),(15,92,61,'Harum nihil eaque reprehenderit voluptas dolore. Aut natus dolores laudantium a nihil maiores ut. Quo perferendis ut est voluptas dicta qui. Amet voluptatem autem sapiente quam eos.',1,0,'1988-10-30 05:44:44','1974-07-04 20:16:33'),(16,192,83,'Eos saepe accusantium tempora unde ex est dolorem soluta. Qui dolorem veritatis saepe sunt magni. Ut odit ullam aut ut non possimus reprehenderit.',0,0,'1998-12-14 18:30:08','2009-04-23 07:17:56'),(17,167,194,'Minus fugit quisquam odio eos sit. Omnis est quos qui ad ex sint minus. Consequuntur dolores quo est libero et aperiam quod molestiae. Culpa aut sed sequi consequatur.',0,1,'1973-04-25 01:37:03','1988-03-15 14:40:21'),(18,92,131,'Facilis sed incidunt facilis aut velit. Delectus et ut voluptatem error molestiae vitae. Omnis assumenda ab repellat ex. Quis sed est non ut consectetur iusto sed.',1,0,'2015-09-03 06:14:44','1995-10-17 22:59:58'),(19,7,105,'Voluptatem corporis consectetur alias quibusdam nobis et. Dolores voluptate esse voluptatibus. Labore sed quaerat ullam maxime praesentium nostrum. Enim officiis culpa veritatis quidem sed quia.',0,0,'1994-12-09 19:21:33','2006-08-31 05:55:35'),(20,199,94,'Facere nobis aperiam optio enim non dolore pariatur. Ut sit laboriosam veniam dolore fugit sit sit. Consequatur non quam ut voluptatem voluptas. Qui sed est cum.',1,0,'1994-02-03 19:44:26','2001-12-04 07:51:49'),(21,106,113,'Aperiam aut pariatur quisquam voluptatem velit minima nobis. Ipsam possimus maiores fuga quis culpa. Consectetur sit mollitia quas autem. Et explicabo qui sequi distinctio temporibus.',1,0,'2010-03-10 17:02:17','1981-05-04 03:52:56'),(22,18,193,'Eius est quos quae voluptatibus aliquid. Aut voluptatibus at placeat voluptatem ducimus. Nisi velit reprehenderit reprehenderit reiciendis natus suscipit voluptates sequi.',0,1,'1979-04-07 17:23:51','1986-04-28 23:06:03'),(23,74,127,'Voluptas dicta eum enim ipsum. Libero quia omnis corporis debitis a asperiores aut omnis. Inventore sit neque saepe reiciendis unde eos.',1,0,'2000-04-27 09:50:55','1976-08-27 18:05:20'),(24,119,1,'Veritatis nam nulla nisi ex quia vitae iure. Est omnis iusto est libero dolorem laboriosam. Assumenda ad reprehenderit magnam itaque eum autem inventore. Error quod veniam fugit voluptatem sunt.',0,1,'1999-09-20 23:02:42','1995-08-18 00:33:31'),(25,194,64,'Mollitia eos inventore consequatur numquam similique minima rerum. Et vero est cupiditate commodi. Qui ut vero sint dolorem corporis.',1,1,'2014-01-30 17:59:37','1984-08-24 16:14:38'),(26,175,196,'Dolore ea ratione tempore sit velit. Aliquam odio nemo quae molestiae officiis sit ducimus. Dicta vitae est maxime quia voluptas. Libero fuga possimus quis aut.',1,1,'1980-02-20 12:39:01','1992-02-04 01:46:36'),(27,151,123,'Sit dolor amet vero id voluptatum. Sequi culpa commodi amet nemo dolore sed ipsum. A qui incidunt vel earum aspernatur. Nihil minus et quis totam libero.',1,0,'1980-05-10 23:31:04','2010-05-27 21:34:41'),(28,129,167,'Voluptatem sit cupiditate unde non. Sint autem inventore animi inventore qui quis natus quis. Quasi corrupti velit dolorum.',0,0,'2018-01-21 14:22:20','2001-08-02 07:49:17'),(29,127,100,'Sunt dolor qui dolorum ut dolores. Recusandae neque sed et vitae mollitia consequatur. Pariatur sequi iste sed. Et corporis itaque eligendi sapiente illum adipisci dolores inventore.',1,1,'2005-05-13 19:18:08','1999-11-21 17:43:19'),(30,180,18,'Est ducimus ea placeat impedit quibusdam. Est culpa vero beatae dicta nisi est. Corrupti voluptates sunt dolores et.',0,0,'2016-08-26 04:20:38','2000-10-03 19:45:10'),(31,160,172,'Eos esse ut totam quia. Molestiae saepe consectetur alias voluptas temporibus eum.',1,1,'1982-09-23 21:50:52','1987-11-09 13:06:24'),(32,101,127,'Nostrum provident ex dolorum consequatur vel nihil. Culpa autem aspernatur dicta quaerat. Quae esse ipsa eos corporis placeat laborum delectus.',1,1,'2006-04-21 04:21:39','2013-06-27 16:43:15'),(33,165,192,'Similique eligendi tempora sequi. In et quis qui neque quasi quis inventore amet. Autem saepe veniam quo non recusandae est.',0,1,'2009-06-20 20:03:54','1977-04-23 10:11:13'),(34,57,171,'Magnam et ipsam officia soluta. Non provident consequatur dolorem neque. Pariatur sit laboriosam sed mollitia voluptatem excepturi et. Cum rerum neque reiciendis sed.',1,0,'1991-07-22 20:55:05','2017-09-14 23:57:48'),(35,97,55,'Velit ratione eos tenetur enim. Culpa ducimus ut vero et veniam natus nisi. Voluptatem sint qui distinctio et. Officiis earum et harum iusto dolorem ea.',1,0,'2015-12-18 22:12:28','1992-01-17 01:51:42'),(36,65,2,'Ullam nisi eveniet necessitatibus veniam. Nisi iusto laborum quia in porro est excepturi. Sint praesentium eum fugit totam saepe quo odio.',0,1,'1994-03-02 20:14:27','1971-08-21 19:38:47'),(37,168,82,'Ea provident quia molestiae autem. Id distinctio qui illo amet debitis. Enim qui dolores eos officiis voluptatibus et sint. Non velit tempora quia eos.',0,1,'1975-10-18 05:27:28','2011-11-13 09:04:13'),(38,194,41,'Est aut consectetur deleniti officia sed ipsum. Non illum quidem explicabo quia cum. Reiciendis enim exercitationem in quo dolorem.',0,1,'2020-02-11 17:40:41','2002-02-12 02:09:22'),(39,8,113,'Quis natus voluptatem corporis cupiditate consequatur libero earum. Ut ut nam vel est. Qui sit dolore asperiores. Aliquid voluptatem neque quia iusto accusamus porro.',1,1,'1990-03-20 06:02:23','1984-11-19 21:59:47'),(40,42,2,'Veniam et voluptas aut nesciunt quam velit. Ut sint in aut tempore sunt officiis. Consequatur consectetur ea cupiditate.',1,0,'2018-06-30 07:07:04','1992-11-06 09:20:45'),(41,177,16,'Odio tempora enim rerum provident ratione voluptas et quam. Corrupti ducimus laborum quam culpa a odit dolorem. Aspernatur similique accusamus molestias quos eius incidunt temporibus et.',0,1,'1973-09-15 19:13:40','2014-10-30 00:52:20'),(42,197,127,'Fuga quasi ea qui. Exercitationem ea et rerum autem aspernatur eos facere eos. Quae repellat delectus et autem voluptas molestias non.',0,1,'1990-05-18 14:15:32','2015-07-26 06:42:30'),(43,139,126,'Earum qui quis reiciendis odio. Et minus eveniet voluptate accusantium. Possimus rerum aut aut sed. Impedit et provident quaerat eos molestiae et. Cupiditate mollitia modi ducimus.',0,0,'1979-10-17 07:55:21','1980-02-14 06:19:52'),(44,94,65,'Recusandae voluptas aut consequatur eos qui. Perferendis qui excepturi id voluptas non. Reprehenderit rerum suscipit placeat rerum quisquam amet aliquam. Dolore nulla dolor non accusantium.',1,1,'1975-01-10 07:07:32','1984-05-31 14:19:21'),(45,25,73,'Eos et quasi autem ut debitis aut sunt. Natus alias non molestiae totam. Ut et fugit asperiores placeat quos quo.',1,0,'1980-06-28 16:23:44','1993-05-04 12:58:06'),(46,83,185,'Esse unde et illo sint et. Amet quasi dicta ut tempore rerum perferendis totam. Porro nobis fugiat dolore.',0,1,'2010-06-24 08:03:49','2018-07-22 07:55:41'),(47,44,183,'Illo sunt est accusamus voluptatem maiores. Id ea sit veritatis illum sunt iusto. Magnam aut doloremque omnis voluptate sint sunt possimus.',0,0,'1981-01-21 00:29:47','1993-10-23 23:32:04'),(48,111,9,'Ducimus sed molestiae ducimus consequuntur repudiandae beatae eum eos. Mollitia distinctio sint nihil quod facilis. Natus nam quae tenetur sit est fugiat.',1,0,'1970-03-14 14:24:56','1992-05-14 18:27:31'),(49,174,168,'Ratione facere dolorem laborum aspernatur accusantium facere. Velit molestias aut possimus qui dolores sapiente maiores quis.',1,0,'2012-08-21 19:52:08','1985-10-13 19:16:39'),(50,180,70,'Non est explicabo fugiat consequatur veritatis unde. Voluptate atque aspernatur sed odit magni distinctio quos ut. Hic inventore non voluptatem earum aliquid omnis eum.',1,0,'2006-11-17 04:44:12','1979-02-11 09:21:28'),(51,22,44,'Est perferendis distinctio ipsam laudantium error expedita et quia. Alias tempore quaerat sint quae. Et illum maxime quis deserunt. Ut ipsa sed nostrum natus.',0,0,'2009-05-22 01:25:56','2015-01-29 02:49:09'),(52,72,190,'Nihil nostrum ut nesciunt quas itaque sint ab. Commodi beatae ut quia ipsum tempore odio nobis. Accusamus nesciunt reiciendis voluptatem vitae.',0,1,'2011-11-25 10:27:00','1987-01-25 06:51:31'),(53,126,65,'Dolor illo nam blanditiis. Ratione consequuntur qui alias. Est sed sit at.',0,0,'1988-07-06 05:39:39','1992-09-28 19:31:06'),(54,31,133,'Consequatur voluptas delectus et. Culpa blanditiis eveniet mollitia placeat. Magni adipisci omnis cumque esse libero reprehenderit molestiae. Vel tenetur similique qui.',1,0,'1985-09-08 20:02:03','1994-09-21 23:31:49'),(55,178,72,'Commodi illo temporibus magni et inventore veritatis at. Eum ut fugiat eius illo hic nihil harum. Corrupti ut nam placeat doloribus qui laudantium quidem qui.',0,0,'2020-05-30 18:28:35','1981-05-16 14:24:50'),(56,134,154,'Necessitatibus laborum non eum. Necessitatibus et aperiam nemo asperiores. Sit rerum reprehenderit eos exercitationem autem totam. Non ipsam odio dolorum excepturi culpa quis voluptatem.',0,0,'1995-08-06 06:47:36','1996-12-12 01:51:32'),(57,87,131,'Autem qui beatae laborum delectus odio deserunt perspiciatis. Dicta consequatur sequi molestiae in aut repellat qui. Distinctio veniam nam quidem ea. Numquam omnis molestiae aliquid.',0,0,'1981-02-24 17:32:10','1980-05-17 16:07:20'),(58,81,25,'Iste recusandae consequatur aut cumque facere. Occaecati eos quas quod. Quo tempora vel nulla possimus ut.',0,1,'1995-03-29 20:49:58','2002-03-10 19:52:33'),(59,57,174,'Dolore dolorum rerum cum qui voluptatem qui quasi. Ipsum quidem vel placeat. Autem et porro amet commodi.',1,1,'1970-11-20 07:03:33','2005-10-23 11:29:14'),(60,89,81,'Sint et dolore non ea velit. Magni debitis sapiente officia. Rerum vel earum laborum quidem quia.',1,0,'1973-01-02 13:32:11','1983-05-30 02:09:54'),(61,47,172,'A qui aspernatur quia perspiciatis. Et vel occaecati dicta est dolorem aut architecto. Ratione rerum iste adipisci vel sunt maxime.',1,0,'1995-06-25 23:40:18','1972-07-01 23:43:32'),(62,65,91,'Vero odio in debitis rerum aut. Voluptatum delectus cupiditate quia aut sapiente ea omnis. Quia cum est voluptas natus est.',1,0,'1994-10-14 23:01:46','2014-09-04 07:30:40'),(63,154,176,'Sed quasi nihil nihil neque excepturi nihil. Vel est velit laboriosam. Voluptatum accusamus vero ipsam molestiae rem. Et quaerat quas et nemo atque voluptatem iure.',1,0,'1987-10-02 01:43:05','1998-10-24 09:10:13'),(64,99,127,'Hic sequi facilis laborum ullam debitis voluptatem. Vero eum vel voluptatem neque quia est consequatur. Sapiente quidem quis consequatur pariatur occaecati quia. Est alias consectetur ea quibusdam.',1,0,'2013-03-24 16:56:52','1993-09-22 17:36:52'),(65,143,79,'Iste sint voluptatum quia hic ipsum. Culpa delectus necessitatibus qui qui facere. Dolorum necessitatibus veritatis sint et dolorem iusto. Soluta ut est non mollitia ipsam rem.',0,0,'1994-01-10 10:21:24','2001-06-01 02:33:04'),(66,197,165,'Suscipit quo voluptatem ratione omnis expedita quisquam natus. Rerum consequatur aperiam quia quaerat dolorem.',1,0,'1977-10-28 05:07:01','1976-03-27 12:30:00'),(67,122,68,'Distinctio cupiditate eveniet rerum officia molestiae maxime. Ducimus fugiat a vel magni. Totam nesciunt et sit.',0,1,'1993-12-01 15:42:57','1982-09-29 22:58:42'),(68,155,47,'Vero eum eum fugit aut magni sint aspernatur aut. Non in officia atque consectetur architecto explicabo architecto et. Corporis quia et ullam qui in.',1,1,'1972-11-29 02:50:17','2001-12-10 13:04:37'),(69,133,185,'Ipsa repudiandae et itaque numquam tempore distinctio. Ut magnam reiciendis ipsum et aut.',1,0,'1991-03-28 11:46:25','1987-09-04 18:00:03'),(70,180,110,'Explicabo necessitatibus ut voluptas tenetur doloremque qui nostrum. Inventore nobis ab consectetur esse et possimus voluptatem. Dolore officia ad nihil voluptas quas tempora quaerat.',1,1,'2007-05-26 08:16:45','1983-10-03 21:21:36'),(71,56,114,'Voluptatem dolor pariatur veritatis optio. Dicta voluptates nihil at et corrupti asperiores.',0,0,'1989-11-02 16:46:17','1987-01-03 21:06:48'),(72,64,143,'Incidunt cumque numquam autem. Et omnis fugiat mollitia. A dolorem vero illum quasi illum nemo deleniti dolores. Et tempore architecto magnam.',0,0,'1998-05-21 18:14:56','2019-06-17 09:50:27'),(73,44,145,'Vel enim vel hic itaque accusantium voluptatibus. Porro occaecati quo inventore nisi dignissimos magni qui. Assumenda et sint nemo. Consequatur totam quisquam sint sequi.',0,0,'2013-04-14 10:35:25','1977-05-07 07:25:57'),(74,168,100,'Sed minima blanditiis et at quas ratione non. Unde aspernatur aspernatur consequatur. Harum quam incidunt quas nihil non. Deserunt occaecati modi deleniti.',1,1,'2004-12-23 14:28:07','2007-05-29 10:52:54'),(75,118,57,'Vel quia sed labore. Et qui reiciendis necessitatibus odit aliquid tempore. Doloremque nihil eaque repellat sit quo vitae deleniti. Qui quis sed eum sed.',0,1,'2003-04-15 08:39:15','1994-12-29 05:04:48'),(76,181,165,'Atque nostrum corporis voluptas. Numquam deserunt ipsa reprehenderit consequatur a totam. Omnis nihil quisquam nobis enim esse distinctio. Harum suscipit atque molestias quaerat enim.',1,0,'2012-12-30 19:43:19','2006-10-24 05:41:39'),(77,28,46,'Et amet quisquam aut minima earum. Quia voluptatem quasi in omnis quis est sunt nisi. Numquam minima nam dolore architecto ea adipisci. Et autem odit cumque omnis.',0,0,'1988-03-30 02:35:32','1987-07-08 11:25:14'),(78,55,181,'Eligendi in sit porro ab fugiat. Assumenda vero numquam reprehenderit consequatur. Tempora blanditiis rerum laborum magnam voluptas.',1,0,'2012-04-28 20:00:07','1970-10-28 03:33:45'),(79,22,154,'Similique dolor aliquam eveniet assumenda rerum doloremque. Delectus omnis id eos. Quae consequatur sapiente distinctio adipisci ut.',0,1,'1981-06-28 07:46:57','1984-12-17 15:01:56'),(80,108,164,'Et perferendis error quis quo. Ipsam dolorem rem deserunt. Sed suscipit quasi atque rem ipsum.',0,1,'2018-01-30 04:37:00','1999-03-27 03:34:26'),(81,32,105,'Rerum quo qui totam doloremque. Earum modi a asperiores laudantium aliquam magni. Et neque magnam error sed et perferendis.',0,0,'2007-03-08 14:50:10','2007-01-30 06:25:34'),(82,129,154,'Aut qui expedita quo distinctio molestiae iusto minus. Quo quis et consequatur tempora maiores quam. Necessitatibus magnam totam deserunt voluptas ratione minus hic.',0,0,'1981-06-05 11:22:18','1983-10-04 20:28:37'),(83,172,83,'Fugiat dolorem ipsum eos ut. Quia quasi praesentium harum autem voluptatem. Enim modi non aut rerum optio possimus.',0,0,'1995-08-17 13:12:36','2006-12-27 14:35:53'),(84,1,105,'Laudantium ut ea molestias. A eligendi maxime dolore similique voluptas. Minus delectus aut deleniti est.',1,0,'1975-02-22 13:15:39','2006-07-16 18:48:02'),(85,68,180,'Qui ut repellendus assumenda dolor omnis officia impedit neque. Quidem exercitationem perferendis amet aliquid. Voluptatem quibusdam nostrum voluptas et.',1,0,'2000-01-02 03:42:32','1991-08-21 10:09:09'),(86,15,124,'Repudiandae officiis ut cumque. Architecto non nam quae mollitia ratione beatae illo. Aperiam quam asperiores suscipit molestias omnis reprehenderit. Eveniet illum ipsam et.',1,0,'2011-07-20 09:37:50','2009-05-12 02:20:48'),(87,94,78,'Non et molestias eos et. Et quis perspiciatis beatae enim veritatis. Molestias nulla et minima et praesentium mollitia earum. Et nulla id aut aut non voluptas natus.',0,1,'2006-08-31 17:18:13','1989-07-19 06:11:45'),(88,67,138,'Unde consequuntur cumque fugit reprehenderit nemo et. Porro dolorem aut praesentium consequatur ipsum sint et. Nisi ab velit ipsa nobis fuga asperiores dolore.',0,1,'1988-10-23 22:04:35','2004-11-16 07:03:44'),(89,22,34,'Consectetur ipsum ea voluptatem vel quia et cupiditate. Laborum quo in dolorem.',1,1,'2017-11-11 11:23:23','2007-09-15 07:53:44'),(90,37,140,'Doloribus voluptas iusto soluta libero suscipit est harum. Consequatur facere magnam et nobis iste ut nemo.',1,0,'1993-12-11 00:23:02','1987-04-23 20:46:45'),(91,91,18,'Explicabo velit provident consequatur nostrum quia nobis. Nesciunt nam dicta adipisci occaecati culpa omnis aut.',0,0,'2010-01-03 03:06:34','2003-04-20 20:09:09'),(92,104,119,'Deleniti id dolorum aspernatur sit magni. Eaque quisquam cupiditate quasi ab autem repudiandae magnam est. Et dicta sunt sed numquam.',1,1,'2015-01-20 20:23:51','2017-12-17 14:27:20'),(93,63,159,'Quia laudantium architecto cumque qui. Eveniet debitis qui illum eius quod voluptas. Necessitatibus neque voluptatem quidem doloremque enim non recusandae adipisci.',0,1,'1988-08-27 14:07:07','2009-09-12 04:58:03'),(94,100,85,'Non voluptas velit architecto non sint tempore eos. Sunt aut et dolores et officia explicabo. Vero aut ducimus ab nihil perferendis ipsum. Iusto qui repellat consectetur qui accusantium ratione.',1,0,'1989-09-05 18:28:49','2019-02-15 23:43:13'),(95,112,7,'Perspiciatis qui officiis nam ratione accusantium. Et ut et odit saepe quas autem similique. Quisquam libero facere maiores dolore.',1,1,'1985-07-22 17:37:22','1976-05-25 01:09:15'),(96,48,144,'Iure sint alias dignissimos et commodi vitae eum. Qui et quo facilis eos. Aut accusamus autem qui nulla nostrum amet.',1,0,'2017-02-17 04:00:18','1998-07-16 21:00:59'),(97,112,177,'Quos veritatis iure fugiat dolore sint dicta saepe. Ea iure similique eius porro pariatur. Praesentium quia culpa voluptatem. Dicta est asperiores iure sequi omnis non. Ad qui est vitae fugit ab.',1,1,'1990-11-04 22:30:31','1985-03-26 19:03:31'),(98,97,84,'Commodi voluptatum nam temporibus. Neque veritatis ex omnis maiores quibusdam. Itaque voluptatibus labore explicabo dolorum voluptatum eligendi est non. Iusto voluptatum asperiores esse recusandae.',0,0,'2019-05-23 10:11:16','1978-08-06 08:19:34'),(99,60,98,'Aspernatur placeat illum rerum laboriosam qui asperiores. Non quo architecto numquam debitis. Illo asperiores fugiat et similique quis placeat quidem.',0,0,'1986-05-07 13:06:27','2013-05-18 08:15:40'),(100,188,127,'Illum nesciunt adipisci provident mollitia. Accusantium sint consequatur repudiandae quo. Doloremque odit minus hic ducimus illo minus culpa.',0,1,'1990-04-22 08:54:45','1980-03-28 04:42:15');
/*!40000 ALTER TABLE `messages` ENABLE KEYS */;
UNLOCK TABLES;

--
-- Table structure for table `profiles`
--

DROP TABLE IF EXISTS `profiles`;
/*!40101 SET @saved_cs_client     = @@character_set_client */;
/*!50503 SET character_set_client = utf8mb4 */;
CREATE TABLE `profiles` (
  `user_id` int unsigned NOT NULL,
  `gender` char(1) CHARACTER SET utf8 COLLATE utf8_unicode_ci NOT NULL,
  `birthday` date DEFAULT NULL,
  `photo_id` int unsigned DEFAULT NULL,
  `city` varchar(130) CHARACTER SET utf8 COLLATE utf8_unicode_ci DEFAULT NULL,
  `country` varchar(130) CHARACTER SET utf8 COLLATE utf8_unicode_ci DEFAULT NULL,
  `created_at` datetime DEFAULT CURRENT_TIMESTAMP,
  `updated_at` datetime DEFAULT CURRENT_TIMESTAMP ON UPDATE CURRENT_TIMESTAMP,
  PRIMARY KEY (`user_id`)
) ENGINE=InnoDB DEFAULT CHARSET=utf8 COLLATE=utf8_unicode_ci;
/*!40101 SET character_set_client = @saved_cs_client */;

--
-- Dumping data for table `profiles`
--

LOCK TABLES `profiles` WRITE;
/*!40000 ALTER TABLE `profiles` DISABLE KEYS */;
INSERT INTO `profiles` VALUES (1,'w','2006-12-10',13,'Elysebury','Grenada','2007-07-12 00:55:03','2020-06-28 07:46:27'),(2,'w','2017-06-12',96,'New Franciscaland','Vanuatu','1971-06-19 14:04:14','2020-06-28 07:46:27'),(3,'m','1990-04-01',37,'Bradleyside','Turks and Caicos Islands','2002-05-14 09:04:37','2020-06-28 07:46:27'),(4,'w','2012-11-12',100,'Jeramiebury','Sudan','2018-11-22 21:42:06','2020-06-28 07:46:27'),(5,'w','1983-03-05',86,'Lake Rayhaven','Equatorial Guinea','1979-02-05 14:57:34','2020-06-28 07:46:27'),(6,'m','1998-03-26',31,'Port Tracebury','San Marino','1994-03-22 14:17:39','2020-06-28 07:46:27'),(7,'w','1982-03-13',94,'Zariachester','Uruguay','1982-12-19 07:58:48','2020-06-28 07:46:27'),(8,'w','1995-07-10',79,'D\'angeloshire','Montenegro','1970-04-23 11:07:31','2020-06-28 07:46:27'),(9,'m','1997-09-25',11,'Cummingsview','Gabon','1987-12-10 13:07:07','2020-06-28 07:46:27'),(10,'w','2005-09-11',19,'Lake Bernard','Cameroon','2015-01-02 20:24:07','2020-06-28 07:46:27'),(11,'w','1985-12-13',60,'Monahantown','Iran','1997-10-31 23:02:43','2020-06-28 07:46:27'),(12,'w','2002-07-26',42,'Karenville','Chile','1986-09-04 18:48:21','2020-06-28 07:46:27'),(13,'w','1993-10-24',31,'South Rosario','Zambia','2004-12-13 05:38:39','2020-06-28 07:46:27'),(14,'w','2015-06-28',26,'Mayaland','Niger','2000-06-01 23:09:42','2020-06-28 07:46:27'),(15,'w','2011-03-29',38,'Port Katrina','China','1985-10-02 19:10:29','2020-06-28 07:46:27'),(16,'m','2011-02-22',10,'Albertoton','Germany','2008-06-07 21:12:05','2020-06-28 07:46:27'),(17,'m','1982-01-03',37,'West Edenmouth','Somalia','1999-05-23 11:27:13','2020-06-28 07:46:27'),(18,'w','2016-12-25',52,'New Ardithfort','Uganda','2005-08-16 17:20:00','2020-06-28 07:46:27'),(19,'m','1973-06-06',51,'Betteside','New Zealand','1993-01-10 10:44:08','2020-06-28 07:46:27'),(20,'w','1988-03-23',99,'Raleighmouth','Guernsey','2006-05-22 11:39:58','2020-06-28 07:46:27'),(21,'m','1978-09-28',42,'Port Ted','Saint Martin','1989-04-20 18:59:08','2020-06-28 07:46:27'),(22,'m','1983-08-04',10,'Borerstad','Macedonia','1986-02-28 21:52:40','2020-06-28 07:46:27'),(23,'w','2000-02-22',24,'East Valentin','Colombia','2011-05-22 19:25:42','2020-06-28 07:46:27'),(24,'w','1983-11-16',89,'Grahammouth','Venezuela','2011-07-13 00:50:38','2020-06-28 07:46:27'),(25,'m','2016-04-10',72,'East Dylanview','Switzerland','1972-02-05 09:49:50','2020-06-28 07:46:27'),(26,'m','1972-05-26',92,'North Katarina','Greece','2019-08-04 15:56:44','2020-06-28 07:46:27'),(27,'m','1973-04-30',46,'Lake Marjoriehaven','Hungary','2011-05-28 22:29:57','2020-06-28 07:46:27'),(28,'w','2015-04-15',53,'Wizaland','United States of America','1998-08-01 07:07:10','2020-06-28 07:46:27'),(29,'w','1985-07-11',27,'Tarynview','Liechtenstein','1999-09-26 08:07:26','2020-06-28 07:46:27'),(30,'w','1990-02-07',74,'Reingerberg','Saudi Arabia','1982-09-23 15:44:16','2020-06-28 07:46:27'),(31,'w','1996-08-01',90,'East Jackyborough','Poland','2001-10-13 19:43:35','2020-06-28 07:46:27'),(32,'w','2016-07-21',28,'Koepptown','Ethiopia','1979-08-30 09:24:54','2020-06-28 07:46:27'),(33,'m','2014-09-10',68,'Lake Jeremyborough','Israel','1990-04-16 16:04:14','2020-06-28 07:46:27'),(34,'w','1973-07-03',58,'West Kelly','Kyrgyz Republic','1999-12-11 16:11:05','2020-06-28 07:46:27'),(35,'w','1978-11-03',84,'Rontown','Lebanon','2013-12-21 00:14:42','2020-06-28 07:46:27'),(36,'w','1999-06-25',47,'Britneyburgh','Antigua and Barbuda','1977-11-20 15:33:14','2020-06-28 07:46:27'),(37,'w','2009-07-31',80,'Tristianton','Faroe Islands','1994-07-06 10:29:54','2020-06-28 07:46:27'),(38,'w','1978-01-16',62,'Jesseport','Ethiopia','2010-01-03 16:36:24','2020-06-28 07:46:27'),(39,'m','1983-09-11',66,'Kochfurt','Saint Pierre and Miquelon','2004-11-06 18:38:01','2020-06-28 07:46:27'),(40,'m','1983-06-21',45,'West Abigayleberg','Macao','1998-09-02 07:05:37','2020-06-28 07:46:27'),(41,'m','2007-12-24',25,'South Kaleb','Kazakhstan','2008-01-01 17:35:52','2020-06-28 07:46:27'),(42,'w','1999-07-31',90,'Bellshire','Benin','2006-04-01 01:52:35','2020-06-28 07:46:27'),(43,'w','1973-05-13',75,'Lake Cale','Germany','1990-06-04 20:19:56','2020-06-28 07:46:27'),(44,'w','2019-02-07',5,'Lake Monroe','Burkina Faso','1976-11-13 20:18:51','2020-06-28 07:46:27'),(45,'m','1990-09-01',99,'Greenfort','Malawi','1991-04-12 07:12:00','2020-06-28 07:46:27'),(46,'w','2006-08-21',79,'Purdyville','Ghana','2007-11-16 04:09:27','2020-06-28 07:46:27'),(47,'m','1972-04-21',99,'Kesslerburgh','South Georgia and the South Sandwich Islands','1991-03-01 02:07:56','2020-06-28 07:46:27'),(48,'m','2010-02-18',55,'Port Eltonberg','Tuvalu','2003-06-10 09:10:31','2020-06-28 07:46:27'),(49,'m','1993-05-31',79,'New Sofiaville','British Virgin Islands','1995-06-30 20:58:48','2020-06-28 07:46:27'),(50,'w','2016-04-21',30,'West Wade','Jersey','2000-12-17 12:55:43','2020-06-28 07:46:27'),(51,'w','2008-02-10',13,'Kathrynechester','Croatia','2015-04-18 20:01:57','2020-06-28 07:46:27'),(52,'w','2013-12-27',73,'Kelleystad','Mauritius','2016-04-02 03:19:33','2020-06-28 07:46:27'),(53,'w','2010-04-05',28,'Gertrudeville','Saint Barthelemy','2009-04-28 18:47:00','2020-06-28 07:46:27'),(54,'w','1998-02-01',19,'Willburgh','Palestinian Territory','2001-11-05 17:12:34','2020-06-28 07:46:27'),(55,'m','2007-08-18',10,'Adamsfort','China','1971-03-13 01:03:48','2020-06-28 07:46:27'),(56,'w','2007-10-28',92,'Lake Garthville','Malawi','1990-09-14 10:33:06','2020-06-28 07:46:27'),(57,'m','2020-01-23',31,'Darrelview','Svalbard & Jan Mayen Islands','1972-01-13 04:21:55','2020-06-28 07:46:27'),(58,'w','2005-11-08',76,'Port Devenfurt','Paraguay','1997-07-03 17:32:49','2020-06-28 07:46:27'),(59,'w','2020-05-21',88,'Brownburgh','Mauritania','1982-01-08 17:08:07','2020-06-28 07:46:27'),(60,'w','2000-05-17',13,'Candacehaven','Estonia','1988-12-04 01:13:33','2020-06-28 07:46:27'),(61,'m','2012-11-14',2,'Robertsport','Switzerland','1994-01-27 04:57:08','2020-06-28 07:46:27'),(62,'w','2013-08-14',67,'Zettaburgh','Saint Lucia','2012-08-30 09:01:51','2020-06-28 07:46:27'),(63,'m','1980-03-12',28,'Coymouth','United States of America','1991-09-01 16:35:57','2020-06-28 07:46:27'),(64,'w','1981-05-21',38,'Toyport','Rwanda','1975-10-02 12:27:46','2020-06-28 07:46:27'),(65,'m','1973-05-24',7,'Port Madelynn','Mayotte','1994-02-07 09:56:48','2020-06-28 07:46:27'),(66,'m','2017-08-10',21,'West Creola','Brazil','1991-05-15 08:10:01','2020-06-28 07:46:27'),(67,'w','1996-11-06',81,'East Yvette','Austria','2007-03-22 13:18:42','2020-06-28 07:46:27'),(68,'m','2006-12-09',44,'East Augustine','Tunisia','1989-03-06 23:13:27','2020-06-28 07:46:27'),(69,'w','1985-07-15',77,'South Georgiana','Bahrain','2017-01-27 02:35:24','2020-06-28 07:46:27'),(70,'w','1987-05-12',52,'Josefort','Finland','2014-04-25 02:39:00','2020-06-28 07:46:27'),(71,'m','2017-11-20',28,'Vilmamouth','Guam','1982-06-10 01:08:25','2020-06-28 07:46:27'),(72,'w','1971-05-31',85,'West Elwynberg','Lebanon','1993-12-24 12:56:41','2020-06-28 07:46:27'),(73,'m','1984-06-24',39,'Croninberg','British Indian Ocean Territory (Chagos Archipelago)','1975-10-13 14:00:15','2020-06-28 07:46:27'),(74,'m','1985-07-29',38,'Brownhaven','Saint Martin','1977-11-03 18:02:12','2020-06-28 07:46:27'),(75,'m','2017-12-15',74,'East Antonettashire','Colombia','1988-04-13 19:29:44','2020-06-28 07:46:27'),(76,'w','1995-07-06',55,'Lebsackberg','Benin','1974-05-21 10:12:47','2020-06-28 07:46:27'),(77,'m','1988-04-08',51,'Port Cordelia','Honduras','1986-03-17 19:54:45','2020-06-28 07:46:27'),(78,'w','2015-06-27',90,'South Arielle','Libyan Arab Jamahiriya','1992-11-30 10:37:20','2020-06-28 07:46:27'),(79,'w','2006-11-23',96,'Jakubowskichester','Bahamas','1994-08-07 17:41:52','2020-06-28 07:46:27'),(80,'w','1981-08-26',9,'Port Evert','Norfolk Island','2010-07-20 14:18:18','2020-06-28 07:46:27'),(81,'m','1986-08-09',59,'Altenwerthhaven','Congo','1985-04-17 10:40:23','2020-06-28 07:46:27'),(82,'w','1972-04-23',68,'Harberton','Chad','2015-03-13 08:52:51','2020-06-28 07:46:27'),(83,'m','1980-11-16',60,'Handhaven','Congo','2009-09-01 01:59:04','2020-06-28 07:46:27'),(84,'m','1977-03-02',95,'Carleeborough','United States Virgin Islands','1988-08-28 17:00:13','2020-06-28 07:46:27'),(85,'m','2005-05-19',97,'Mabelborough','Nepal','2018-02-04 08:13:22','2020-06-28 07:46:27'),(86,'m','2002-07-24',100,'South Elviehaven','Gambia','1979-04-05 11:50:29','2020-06-28 07:46:27'),(87,'w','1979-06-27',7,'Port Corneliusmouth','Kiribati','1981-01-01 11:05:03','2020-06-28 07:46:27'),(88,'m','2016-03-12',36,'Kassulkebury','Vanuatu','1984-05-06 04:50:13','2020-06-28 07:46:27'),(89,'m','1987-10-05',58,'Demondberg','Niger','1997-08-30 12:49:16','2020-06-28 07:46:27'),(90,'w','1994-01-16',82,'South Catherine','Malaysia','1994-09-06 06:50:22','2020-06-28 07:46:27'),(91,'m','1982-10-21',34,'East Genoveva','South Georgia and the South Sandwich Islands','2000-10-11 05:25:10','2020-06-28 07:46:27'),(92,'w','1991-01-03',23,'South Cletaborough','Suriname','1998-02-05 06:07:38','2020-06-28 07:46:27'),(93,'m','1989-08-24',15,'New Cale','Gambia','1995-08-22 09:30:46','2020-06-28 07:46:27'),(94,'m','1988-11-20',4,'Handport','Chad','1991-02-05 09:55:25','2020-06-28 07:46:27'),(95,'m','1971-08-09',73,'Port Stevie','Belarus','1989-06-28 20:32:38','2020-06-28 07:46:27'),(96,'w','2003-07-23',52,'Elizafurt','Libyan Arab Jamahiriya','1992-02-17 22:01:48','2020-06-28 07:46:27'),(97,'w','2007-01-15',42,'Port Cassandra','Kenya','1998-05-10 08:56:33','2020-06-28 07:46:27'),(98,'w','2002-05-05',54,'Emardberg','Austria','1972-12-24 13:43:48','2020-06-28 07:46:27'),(99,'w','2011-12-04',44,'North Madalineport','Norfolk Island','1985-12-26 05:19:23','2020-06-28 07:46:27'),(100,'w','1973-01-03',59,'New Clevemouth','Bulgaria','1981-08-24 13:22:41','2020-06-28 07:46:27'),(101,'w','2000-02-23',60,'O\'Kontown','Latvia','2006-09-02 09:07:13','2020-06-28 07:46:27'),(102,'m','2005-06-09',23,'Lake Rudolphton','Argentina','2009-06-01 17:56:17','2020-06-28 07:46:27'),(103,'w','2018-02-03',36,'Weimanntown','Cocos (Keeling) Islands','1979-09-04 04:17:20','2020-06-28 07:46:27'),(104,'m','1996-06-17',8,'South Xzavier','Romania','1981-09-21 22:31:37','2020-06-28 07:46:27'),(105,'w','1983-08-03',34,'Corrineberg','Israel','2020-04-17 02:30:58','2020-06-28 07:46:27'),(106,'w','1988-12-19',44,'Myrticemouth','Nicaragua','2008-02-27 23:34:16','2020-06-28 07:46:27'),(107,'w','2003-06-30',20,'Port Enrico','Saint Pierre and Miquelon','1990-01-04 22:28:48','2020-06-28 07:46:27'),(108,'w','1994-12-26',64,'Joshuafort','Syrian Arab Republic','2006-10-16 15:52:45','2020-06-28 07:46:27'),(109,'w','1970-01-30',63,'Lavinachester','Saint Pierre and Miquelon','1992-03-27 01:08:17','2020-06-28 07:46:27'),(110,'m','1990-04-14',21,'Maryamburgh','Guadeloupe','1989-10-20 22:03:41','2020-06-28 07:46:27'),(111,'w','1996-01-06',15,'Keyshawnville','Syrian Arab Republic','2006-06-01 07:15:33','2020-06-28 07:46:27'),(112,'m','1982-10-09',13,'North Jeromy','Togo','1999-03-22 23:55:01','2020-06-28 07:46:27'),(113,'w','1974-04-27',19,'New Cayla','Samoa','1970-10-05 21:15:04','2020-06-28 07:46:27'),(114,'m','2012-09-10',56,'East Carolinaborough','Saint Vincent and the Grenadines','1981-11-08 19:50:13','2020-06-28 07:46:27'),(115,'w','2014-10-03',21,'South Skyla','Aruba','2006-11-21 10:08:05','2020-06-28 07:46:27'),(116,'m','2012-09-02',36,'Lake Shirley','Antigua and Barbuda','2015-06-27 16:58:50','2020-06-28 07:46:27'),(117,'m','2017-06-27',19,'Port Catherinemouth','Korea','1987-03-06 20:10:10','2020-06-28 07:46:27'),(118,'m','1993-08-14',84,'North Chanceton','Libyan Arab Jamahiriya','1981-07-06 18:34:24','2020-06-28 07:46:27'),(119,'w','1992-06-06',64,'Lake Dino','Philippines','2006-12-24 15:26:01','2020-06-28 07:46:27'),(120,'m','1976-11-24',69,'North Emanuelbury','Kiribati','2002-08-10 07:01:52','2020-06-28 07:46:27'),(121,'m','1985-03-26',52,'New Leechester','Bosnia and Herzegovina','1992-07-12 20:28:38','2020-06-28 07:46:27'),(122,'m','1989-03-18',51,'Alecburgh','Micronesia','1995-02-21 03:50:06','2020-06-28 07:46:27'),(123,'w','1996-10-03',99,'Lake Yoshikoberg','Cameroon','2000-05-17 21:27:46','2020-06-28 07:46:27'),(124,'w','2003-03-18',41,'Waelchitown','Pakistan','2009-11-05 23:51:02','2020-06-28 07:46:27'),(125,'w','1978-03-14',7,'Hoppefurt','Guam','2019-07-06 15:48:56','2020-06-28 07:46:27'),(126,'m','1999-08-31',13,'Alphonsostad','Macao','1973-12-15 15:02:18','2020-06-28 07:46:27'),(127,'m','1982-02-02',44,'South Eloy','Algeria','2011-02-28 22:12:30','2020-06-28 07:46:27'),(128,'m','1991-08-15',80,'Jaronshire','Algeria','2001-11-01 09:54:09','2020-06-28 07:46:27'),(129,'m','2004-04-09',66,'North Alayna','French Polynesia','1983-04-19 09:35:31','2020-06-28 07:46:27'),(130,'w','2013-05-18',89,'West Colbyshire','Switzerland','2016-12-20 03:37:26','2020-06-28 07:46:27'),(131,'m','1991-06-14',46,'Vedaport','Italy','1979-02-25 16:06:20','2020-06-28 07:46:27'),(132,'m','1987-05-17',64,'South Yolandaton','French Polynesia','1994-12-28 21:40:07','2020-06-28 07:46:27'),(133,'m','2011-01-29',82,'Nicholausburgh','Denmark','1997-03-08 00:54:10','2020-06-28 07:46:27'),(134,'w','1995-06-16',18,'North Brandimouth','Burkina Faso','1983-07-10 06:26:09','2020-06-28 07:46:27'),(135,'w','1994-09-19',44,'New Donavon','Burundi','2018-07-19 00:00:26','2020-06-28 07:46:27'),(136,'m','2015-01-25',66,'Port Cleveland','Costa Rica','2016-03-21 14:17:42','2020-06-28 07:46:27'),(137,'w','2010-02-15',95,'Rosemarybury','Saint Vincent and the Grenadines','2001-05-13 01:57:11','2020-06-28 07:46:27'),(138,'m','1993-11-21',76,'East Alivia','Zimbabwe','2011-03-17 14:48:45','2020-06-28 07:46:27'),(139,'m','1978-05-24',93,'Jadentown','Ukraine','1986-09-03 01:23:20','2020-06-28 07:46:27'),(140,'w','1984-02-13',40,'West Arturo','Estonia','1991-07-21 17:15:05','2020-06-28 07:46:27'),(141,'m','2002-10-07',21,'South Winifred','Slovenia','2018-10-12 23:26:58','2020-06-28 07:46:27'),(142,'w','1985-10-24',82,'Lake Ceasartown','Dominican Republic','1986-06-14 11:29:50','2020-06-28 07:46:27'),(143,'w','1978-05-27',47,'Kihnville','Georgia','1999-04-16 00:52:21','2020-06-28 07:46:27'),(144,'w','1971-11-26',87,'Lake Maryamton','Bermuda','1998-08-31 00:02:32','2020-06-28 07:46:27'),(145,'m','1988-08-23',97,'New Nichole','Estonia','2000-09-13 09:50:54','2020-06-28 07:46:27'),(146,'m','1997-01-26',20,'Port Onie','Falkland Islands (Malvinas)','2015-06-13 19:07:43','2020-06-28 07:46:27'),(147,'w','2006-08-18',10,'Nadermouth','Ethiopia','1988-09-14 20:50:47','2020-06-28 07:46:27'),(148,'m','2012-12-02',90,'Jettville','Japan','1989-03-26 01:04:36','2020-06-28 07:46:27'),(149,'m','2016-08-24',19,'Kraigmouth','Bosnia and Herzegovina','1982-07-23 11:49:57','2020-06-28 07:46:27'),(150,'m','1974-08-26',24,'South Nedra','Qatar','2015-06-03 15:55:36','2020-06-28 07:46:27'),(151,'m','1993-10-11',62,'West Jocelynfort','Bahamas','1994-07-23 12:04:20','2020-06-28 07:46:27'),(152,'w','1989-04-02',39,'Lake Karelle','Senegal','1991-04-22 07:07:44','2020-06-28 07:46:27'),(153,'w','2006-01-01',10,'West Letabury','Haiti','2006-11-02 17:47:09','2020-06-28 07:46:27'),(154,'w','2013-03-26',30,'East Lonzo','Libyan Arab Jamahiriya','1986-04-07 03:52:24','2020-06-28 07:46:27'),(155,'w','1988-05-09',22,'East Bernieberg','Rwanda','1972-01-25 02:51:22','2020-06-28 07:46:27'),(156,'w','2017-07-12',17,'South Brown','Costa Rica','2005-04-08 04:30:57','2020-06-28 07:46:27'),(157,'m','1970-07-25',19,'West Claudtown','Dominica','1992-10-05 21:36:58','2020-06-28 07:46:27'),(158,'w','1983-10-15',43,'Port Briana','Costa Rica','2012-04-11 11:08:38','2020-06-28 07:46:27'),(159,'w','2008-10-16',59,'Port Bonnieside','Botswana','2007-07-16 01:50:50','2020-06-28 07:46:27'),(160,'w','1990-01-13',64,'Kurthaven','Seychelles','2003-10-31 16:07:51','2020-06-28 07:46:27'),(161,'w','2008-03-06',45,'North Maxwell','Djibouti','1990-05-19 10:16:08','2020-06-28 07:46:27'),(162,'w','1981-12-01',29,'Sanfordside','Bulgaria','1988-10-03 07:59:49','2020-06-28 07:46:27'),(163,'w','1985-05-03',12,'Port Patriciaside','Netherlands','1987-11-02 23:12:29','2020-06-28 07:46:27'),(164,'m','1985-10-27',72,'West Cordeliatown','French Guiana','2017-01-12 12:29:46','2020-06-28 07:46:27'),(165,'w','1999-12-20',24,'East Nickview','Uganda','2017-07-20 17:55:42','2020-06-28 07:46:27'),(166,'m','2016-06-10',2,'Lake Madeline','Cayman Islands','2002-10-30 13:54:57','2020-06-28 07:46:27'),(167,'w','2015-02-14',40,'North Laceyberg','Cote d\'Ivoire','1991-05-28 19:57:24','2020-06-28 07:46:27'),(168,'m','1971-03-10',90,'Port Deanna','Mexico','2018-08-08 11:02:26','2020-06-28 07:46:27'),(169,'w','2006-08-16',33,'North Jermainside','Cape Verde','2004-04-21 04:23:40','2020-06-28 07:46:27'),(170,'m','2003-03-26',91,'North Ruthe','Switzerland','1972-06-12 16:12:13','2020-06-28 07:46:27'),(171,'w','1979-03-12',57,'New Lambertborough','Armenia','1997-12-09 08:26:00','2020-06-28 07:46:27'),(172,'w','1982-06-04',12,'South Lethatown','Eritrea','2011-09-24 21:19:19','2020-06-28 07:46:27'),(173,'m','2019-07-20',88,'Cartermouth','Georgia','1996-05-02 07:27:11','2008-04-01 09:38:56'),(174,'w','2009-03-16',3,'New Thadchester','Lithuania','2002-04-01 03:28:10','2020-06-28 07:46:27'),(175,'m','2001-06-21',49,'Willmsview','Haiti','2020-02-19 14:22:14','2020-06-28 07:46:27'),(176,'w','1970-05-05',37,'South Filomenaview','Guinea','2010-10-10 22:00:20','2020-06-28 07:46:27'),(177,'w','2019-05-04',38,'Lake Leashire','Bosnia and Herzegovina','2005-04-09 17:51:50','2020-06-28 07:46:27'),(178,'w','1982-03-10',78,'Madelynburgh','Namibia','1979-04-19 13:39:47','2020-06-28 07:46:27'),(179,'w','2004-06-24',74,'Nitzschestad','Lao People\'s Democratic Republic','1984-11-06 20:09:39','2020-06-28 07:46:27'),(180,'w','2001-08-04',36,'Stewartland','Venezuela','2001-11-14 02:57:47','2020-06-28 07:46:27'),(181,'m','1978-05-26',57,'East Vernershire','France','1986-11-28 07:17:54','2020-06-28 07:46:27'),(182,'w','2007-10-18',79,'Windlerside','Antarctica (the territory South of 60 deg S)','2018-10-16 16:16:44','2020-06-28 07:46:27'),(183,'w','2000-09-25',23,'North Amieburgh','Cambodia','1980-01-30 10:35:26','2020-06-28 07:46:27'),(184,'m','2019-01-04',75,'Nolaside','El Salvador','2017-05-30 15:14:54','2020-06-28 07:46:27'),(185,'m','2007-03-22',7,'Terrymouth','Slovakia (Slovak Republic)','1982-03-08 12:08:21','2020-06-28 07:46:27'),(186,'w','1974-12-25',9,'Aimeemouth','Niue','1991-06-12 18:54:08','2020-06-28 07:46:27'),(187,'m','1978-02-20',25,'Jacobsonfurt','Afghanistan','1985-03-14 02:16:01','2020-06-28 07:46:27'),(188,'w','1979-02-13',98,'Boehmbury','Rwanda','1971-06-28 20:17:41','2020-06-28 07:46:27'),(189,'w','2008-02-05',12,'Lake Merle','Moldova','1984-06-07 16:48:11','2020-06-28 07:46:27'),(190,'m','2012-05-31',65,'West Madieview','Sweden','2014-01-30 00:34:54','2020-06-28 07:46:27'),(191,'m','1989-07-23',91,'South Lela','Italy','1998-03-13 01:19:52','2020-06-28 07:46:27'),(192,'m','1977-06-29',57,'Connellystad','Libyan Arab Jamahiriya','1978-06-12 01:50:28','2020-06-28 07:46:27'),(193,'w','1974-04-23',14,'Bartellstad','Uruguay','1983-09-26 05:02:59','2020-06-28 07:46:27'),(194,'w','1977-03-07',96,'New Donnieport','Central African Republic','1970-11-29 04:03:46','2020-06-28 07:46:27'),(195,'w','1981-04-13',37,'Port Juliamouth','Mali','2019-11-03 08:46:59','2020-06-28 07:46:27'),(196,'w','2013-10-05',98,'Nolanfort','Moldova','2016-08-06 13:27:51','2020-06-28 07:46:27'),(197,'m','1994-05-22',77,'Simonisville','Tokelau','2011-07-24 08:45:55','2020-06-28 07:46:27'),(198,'w','2008-06-13',89,'Salliefort','Andorra','1980-11-28 07:35:07','2020-06-28 07:46:27'),(199,'w','2004-01-15',16,'Felipeview','Finland','1987-02-19 18:03:14','2020-06-28 07:46:27'),(200,'m','2020-06-09',13,'Brigittebury','Saint Vincent and the Grenadines','1998-06-10 21:33:30','2020-06-28 07:46:27');
/*!40000 ALTER TABLE `profiles` ENABLE KEYS */;
UNLOCK TABLES;

--
-- Table structure for table `users`
--

DROP TABLE IF EXISTS `users`;
/*!40101 SET @saved_cs_client     = @@character_set_client */;
/*!50503 SET character_set_client = utf8mb4 */;
CREATE TABLE `users` (
  `id` int unsigned NOT NULL AUTO_INCREMENT,
  `first_name` varchar(100) CHARACTER SET utf8 COLLATE utf8_unicode_ci NOT NULL,
  `last_name` varchar(100) CHARACTER SET utf8 COLLATE utf8_unicode_ci NOT NULL,
  `email` varchar(100) CHARACTER SET utf8 COLLATE utf8_unicode_ci NOT NULL,
  `phone` varchar(100) CHARACTER SET utf8 COLLATE utf8_unicode_ci NOT NULL,
  `created_at` timestamp NOT NULL DEFAULT CURRENT_TIMESTAMP,
  `updated_at` timestamp NOT NULL DEFAULT CURRENT_TIMESTAMP ON UPDATE CURRENT_TIMESTAMP,
  PRIMARY KEY (`id`),
  UNIQUE KEY `email` (`email`),
  UNIQUE KEY `phone` (`phone`)
) ENGINE=InnoDB AUTO_INCREMENT=201 DEFAULT CHARSET=utf8 COLLATE=utf8_unicode_ci;
/*!40101 SET character_set_client = @saved_cs_client */;

--
-- Dumping data for table `users`
--

LOCK TABLES `users` WRITE;
/*!40000 ALTER TABLE `users` DISABLE KEYS */;
INSERT INTO `users` VALUES (1,'Emelia','Bradtke','dina.schultz@example.com','142.143.7159x05831','2015-11-04 13:56:47','2020-06-28 07:37:38'),(2,'Lucas','Mills','feeney.lucious@example.net','06314443447','1997-01-11 17:23:04','2020-06-28 07:37:38'),(3,'Paula','Hilpert','alphonso97@example.net','+20(3)6038280732','1984-09-11 23:54:08','2020-06-28 07:37:38'),(4,'Bianka','Hyatt','lkris@example.org','254-063-6268','1986-07-12 10:59:56','2015-09-29 12:48:40'),(5,'Annamarie','Reinger','schulist.armando@example.com','(280)458-6052x95450','1998-01-09 08:07:04','2017-11-23 04:35:59'),(6,'Kattie','Barton','glarson@example.net','(678)682-3836x20325','2006-12-28 09:19:38','2020-06-28 07:37:38'),(7,'Watson','Mraz','lhegmann@example.net','+94(6)3383332442','1994-12-01 01:57:33','1995-01-19 05:44:44'),(8,'Abdul','Lesch','aurore.prosacco@example.org','09171812082','2003-09-29 09:06:38','2020-06-28 07:37:38'),(9,'Alta','Cassin','trenton.adams@example.org','(390)821-5474x4688','2007-04-17 06:33:34','2020-06-28 07:37:38'),(10,'Elinor','Wilkinson','schulist.keira@example.com','809-749-1464','1988-03-27 10:01:03','1996-03-30 20:57:42'),(11,'Helene','Bode','kris86@example.com','078.849.2234x183','1986-12-04 04:28:40','2018-01-05 14:52:35'),(12,'Rosanna','Schuppe','wisoky.delbert@example.net','(903)596-2936','1982-04-20 06:57:39','1989-09-20 19:00:51'),(13,'Rosamond','Swaniawski','sallie61@example.com','475.006.7316x8516','1975-06-17 23:32:00','2020-06-28 07:37:38'),(14,'Francesco','Erdman','prussel@example.net','294-542-9035','2017-12-12 02:12:30','2020-06-28 07:37:38'),(15,'Brandy','Langworth','makenzie.veum@example.org','267-585-8635x9612','1987-08-19 18:13:17','1988-04-01 17:47:32'),(16,'Marlene','Lind','lebsack.buford@example.org','(162)241-3341x8974','2002-01-10 07:54:10','2020-06-28 07:37:38'),(17,'Zelma','Eichmann','tledner@example.net','1-101-638-5100','2016-04-09 23:00:40','2018-07-15 12:52:36'),(18,'Catalina','Kuhic','qwintheiser@example.net','09860063150','1984-12-03 18:28:49','2020-06-28 07:37:38'),(19,'Maximus','Haley','boyer.lelah@example.org','03731028862','2015-03-09 05:49:21','2020-06-28 07:37:38'),(20,'Shanon','Aufderhar','francesco.bechtelar@example.org','652.891.8970x043','1994-06-22 23:09:08','2020-06-28 07:37:38'),(21,'Rowena','Schimmel','johnson56@example.com','1-832-131-5005x4571','1989-09-29 20:15:04','1992-11-23 23:05:14'),(22,'Gerald','Block','braun.jazlyn@example.com','(972)994-5348x895','2004-01-27 18:39:27','2009-06-05 11:50:12'),(23,'Shanny','Larson','alexandria.mccullough@example.com','07196913522','1985-07-27 21:50:34','2020-06-28 07:37:38'),(24,'Harley','Veum','rolfson.evie@example.net','534.508.9630','1975-12-08 21:14:05','2009-08-03 18:44:52'),(25,'Anibal','Homenick','pollich.deondre@example.com','1-822-889-4311','1973-08-25 07:08:08','2016-02-19 18:00:39'),(26,'Milan','Jacobson','ohegmann@example.org','00679542490','1982-06-21 16:53:48','2020-04-30 06:10:32'),(27,'Ollie','Hauck','mcclure.corrine@example.org','(520)464-0974x68888','2002-05-02 09:11:32','2020-06-28 07:37:38'),(28,'Mollie','Zboncak','scotty.russel@example.org','758.597.6564','2011-11-25 21:22:25','2020-06-28 07:37:38'),(29,'Maymie','Ortiz','cjacobson@example.net','1-514-364-4162','1981-06-18 02:38:33','2003-12-22 23:01:18'),(30,'Beaulah','D\'Amore','wnolan@example.net','731.920.1794x695','2004-01-15 07:05:40','2020-06-28 07:37:38'),(31,'Phoebe','Conn','witting.royal@example.org','1-621-373-7005x231','2017-06-26 07:33:31','2020-06-28 07:37:38'),(32,'Brandy','Franecki','yconsidine@example.com','467.110.2532','1974-06-12 03:38:09','2002-01-27 19:41:38'),(33,'Candido','Hackett','delpha.ziemann@example.net','(693)772-6674','1971-12-22 02:32:07','1992-05-28 15:23:29'),(34,'Kiana','Schowalter','justyn76@example.com','1-211-342-2459x798','2001-12-15 23:14:01','2006-04-12 18:39:41'),(35,'Chelsie','Koelpin','adolph.gleason@example.net','(510)129-5220x1646','2019-04-02 21:31:22','2020-06-28 07:37:38'),(36,'Lincoln','Nitzsche','wparker@example.org','157.970.5820','1979-12-26 19:11:08','1996-08-04 13:15:21'),(37,'Meaghan','Ratke','petra.lindgren@example.com','00999723531','1979-03-18 14:52:40','2005-02-21 05:57:08'),(38,'Dylan','Weber','gerlach.odell@example.org','1-008-746-3815x65058','1977-04-20 13:16:00','2020-06-28 07:37:38'),(39,'Logan','Wiza','zsatterfield@example.net','(092)918-5595','2016-09-16 18:24:55','2020-06-28 07:37:38'),(40,'Hilda','Wiegand','margot.schultz@example.org','989-873-8831','2011-05-01 17:12:35','2017-05-12 03:07:22'),(41,'Nyah','White','dooley.donavon@example.com','1-057-998-0229x7597','2012-04-16 20:51:09','2020-06-28 07:37:38'),(42,'Robyn','Hettinger','chad.conn@example.net','739.690.2845x92996','1977-12-10 03:09:46','1985-08-07 23:46:50'),(43,'Effie','Gerlach','fherzog@example.net','105.602.2008x26377','1998-12-04 05:28:35','2008-08-18 07:08:18'),(44,'Breanne','Hyatt','botsford.domenic@example.com','1-985-435-1325x37811','2006-08-18 23:49:49','2020-06-28 07:37:38'),(45,'Taurean','Gislason','sabbott@example.org','507-461-2253','1984-03-24 16:00:17','2020-06-28 07:37:38'),(46,'Nakia','Koss','rbeatty@example.net','01539169967','2011-02-21 06:12:11','2018-11-21 10:32:50'),(47,'Opal','Jerde','kmurray@example.net','471.974.2704x54575','1997-04-27 00:49:35','2020-06-28 07:37:38'),(48,'Curt','Sporer','general93@example.org','962.256.5324','1987-07-05 11:11:03','2020-06-28 07:37:38'),(49,'Avis','Hermann','candelario.harvey@example.com','00150089116','2013-04-06 06:42:00','2020-06-28 07:37:38'),(50,'Crystal','Schmidt','casey.kerluke@example.org','419-351-6938x912','1995-01-17 22:17:34','2001-07-29 06:59:37'),(51,'Luna','Stroman','tmclaughlin@example.com','878-335-7087','1978-03-27 21:17:15','2010-11-17 03:05:31'),(52,'Ashlee','Upton','nrogahn@example.com','1-836-681-6331x606','2008-03-30 02:59:17','2020-06-28 07:37:38'),(53,'Garrick','Crona','eemard@example.org','(909)605-9449x34258','1989-05-28 20:35:51','1992-12-13 13:43:12'),(54,'Ana','Bosco','swaniawski.stone@example.org','(240)178-0936x03969','2005-06-29 18:47:22','2020-06-28 07:37:38'),(55,'Amari','Heaney','simonis.gennaro@example.org','898-268-4985x99251','1975-10-04 09:36:57','1990-04-19 12:07:36'),(56,'Elvis','Ondricka','bartholome22@example.net','860.114.7855x2387','2012-12-27 18:37:14','2020-06-28 07:37:38'),(57,'Ken','Lubowitz','slindgren@example.com','1-045-548-2871','1976-05-17 07:40:30','1984-09-12 15:12:17'),(58,'Sterling','Koepp','bonita.wunsch@example.com','(245)791-9630','1988-07-20 16:47:08','1992-07-10 15:45:09'),(59,'Carlotta','Schmitt','alexanne.lindgren@example.com','(830)431-5985','1989-03-24 22:44:51','1997-12-10 16:03:52'),(60,'Ismael','Crist','ellis85@example.net','00678751545','1973-10-13 07:18:41','1992-10-25 16:03:35'),(61,'Marie','O\'Reilly','tomas.hills@example.org','1-753-033-2037x8919','1980-11-11 06:28:48','1993-03-19 11:28:58'),(62,'Guy','Kuphal','mariano.mertz@example.net','(253)531-3634','1976-07-18 18:11:34','2002-07-10 03:52:48'),(63,'Garfield','Veum','wwalter@example.org','1-482-985-9362','2002-02-08 10:34:33','2013-05-02 08:23:05'),(64,'Rosalyn','Dooley','zelda93@example.net','(470)653-6587','1979-08-12 03:30:25','2007-05-19 07:03:33'),(65,'Danika','DuBuque','providenci.ebert@example.net','875-001-6759','1983-07-18 22:39:42','1990-07-16 20:26:57'),(66,'Ressie','Quigley','hackett.myriam@example.org','1-152-167-5644','2015-11-23 04:09:03','2020-06-28 07:37:38'),(67,'Melissa','Nicolas','ewalter@example.com','345.188.3266','1975-01-05 18:47:43','1978-11-23 02:58:47'),(68,'Thora','Bergstrom','mya00@example.org','914-959-0269x263','1991-08-14 08:30:52','2020-06-28 07:37:38'),(69,'Demarcus','Mosciski','rodriguez.shyann@example.org','(838)366-1511','1989-12-13 07:26:53','2020-06-28 07:37:38'),(70,'Annalise','Harber','delilah12@example.org','(221)062-5691','2010-10-15 22:49:15','2017-03-13 09:08:04'),(71,'Ole','Jones','edickens@example.org','06381414439','1985-04-30 07:56:00','2012-01-10 20:46:54'),(72,'Dina','Rogahn','wintheiser.lauretta@example.net','1-282-220-9176','2003-02-21 23:46:37','2008-09-20 23:45:52'),(73,'Emile','Reichel','arlo.wiza@example.net','1-588-042-1400x713','1987-09-17 21:08:44','2020-06-28 07:37:38'),(74,'Tess','Champlin','schmidt.delfina@example.com','161.008.4228x961','1970-01-27 01:21:08','2014-11-23 23:03:14'),(75,'Ricky','Toy','ahowell@example.org','1-255-966-2375x00067','1990-03-19 04:08:58','2014-11-29 23:44:54'),(76,'Jasmin','Cremin','dorothy53@example.net','1-299-566-2611x5843','1974-03-09 01:33:03','2013-09-25 21:53:42'),(77,'Ashton','Parisian','shanon94@example.net','1-713-841-5519x7287','1991-10-17 13:04:00','1996-05-11 07:17:33'),(78,'Santino','Pfeffer','dejon30@example.com','176-412-7524x79518','1990-05-26 22:40:12','1996-01-13 19:03:52'),(79,'Zane','Kuhn','brannon75@example.com','+70(4)0454183419','1980-12-07 18:31:40','2004-01-02 12:37:10'),(80,'Elvis','Schuster','ullrich.braeden@example.org','296-166-3005x6551','1992-05-18 14:26:20','2020-06-28 07:37:38'),(81,'Korey','Schultz','jakubowski.abelardo@example.org','(459)128-6579x96402','2011-12-26 06:38:28','2012-11-27 13:57:52'),(82,'Cesar','Kuphal','elta.metz@example.org','1-098-425-6394','1971-05-31 17:57:20','1973-10-06 16:44:19'),(83,'Sterling','Dooley','schmidt.carmen@example.com','1-175-899-3193x061','2003-07-17 01:28:53','2007-03-13 03:30:28'),(84,'Willie','Kunde','marcelle01@example.com','(127)979-4497','1997-05-10 07:40:36','2020-06-28 07:37:38'),(85,'Mozell','Quigley','jessica.abshire@example.net','(638)392-4582x3633','1989-09-01 06:21:23','1997-09-24 22:22:27'),(86,'Warren','Cormier','jordane06@example.org','467.300.3553','1999-08-17 11:18:08','2017-01-10 05:15:29'),(87,'Lexi','Kuhn','israel.maggio@example.net','808-270-0357x671','1995-02-03 19:35:58','2020-06-28 07:37:38'),(88,'Roxane','Marquardt','kautzer.bethel@example.org','137.295.0027','1992-08-22 11:35:33','2010-12-09 07:53:28'),(89,'Dorris','Lehner','kcollier@example.org','1-916-102-6536','2004-08-05 20:59:11','2020-06-28 07:37:38'),(90,'Murphy','Howe','tromp.kristofer@example.org','(193)913-7417x865','1989-11-21 09:52:57','2020-06-28 07:37:38'),(91,'Reuben','Cronin','fadel.cicero@example.com','510-937-0719x810','1989-08-31 03:16:38','2004-04-27 12:21:20'),(92,'Dusty','Stokes','armando.runolfsson@example.org','548-086-5605x616','1999-08-09 02:04:03','2020-06-28 07:37:38'),(93,'Emmanuel','Mann','bashirian.imogene@example.net','(280)105-2476x71412','1974-06-02 15:22:57','1982-07-09 15:55:23'),(94,'Matt','Christiansen','cayla75@example.com','1-110-642-5185x787','1998-07-10 21:59:28','2009-11-25 11:29:14'),(95,'Pedro','Wehner','guillermo22@example.com','(914)588-6208','1995-10-21 11:55:29','2020-06-28 07:37:38'),(96,'Daron','Lebsack','wwilkinson@example.org','1-189-502-7371','1987-05-17 04:31:53','1989-05-06 16:54:25'),(97,'Michaela','Bernhard','rowe.donna@example.com','161.309.4910x6580','2014-12-07 13:31:31','2020-06-28 07:37:38'),(98,'Chyna','Nikolaus','yokuneva@example.com','000.225.9641','1983-03-19 08:37:12','2020-06-28 07:37:38'),(99,'Dudley','Tillman','mcorwin@example.org','354.475.6592','1981-11-20 23:32:58','2008-11-07 09:08:47'),(100,'Jace','Hand','watsica.jarod@example.com','1-033-649-1461','2020-04-23 01:26:46','2020-06-28 07:37:38'),(101,'Ena','Dickens','herbert.parisian@example.com','01725647046','2019-07-26 14:33:10','2020-06-28 07:37:38'),(102,'Ole','Turcotte','gbogan@example.net','(033)476-3958','2001-11-11 12:47:04','2005-11-16 10:58:17'),(103,'Jabari','Ondricka','destany.armstrong@example.net','994.378.8066','1977-03-28 09:24:24','2009-08-04 00:36:23'),(104,'Lawrence','Langosh','russ69@example.org','244.351.5910x800','2005-04-02 06:54:44','2020-06-28 07:37:38'),(105,'Kelli','Jones','milford.nader@example.org','324.523.1888x4052','1996-08-25 01:30:29','2020-06-28 07:37:38'),(106,'Lyric','Lemke','scollins@example.net','1-230-491-7577','2015-05-22 13:35:27','2020-06-28 07:37:38'),(107,'Rita','Thiel','qwill@example.net','191.002.2546','2013-07-19 07:58:42','2013-10-09 19:02:49'),(108,'Maverick','Huels','allene.tremblay@example.org','08167624222','1982-10-26 20:48:59','1998-08-05 02:36:56'),(109,'Reyna','Tillman','rosendo.mertz@example.net','969-673-8212x27109','1983-06-15 09:10:36','2020-06-28 07:37:38'),(110,'Joesph','Wiegand','chadd76@example.net','648.569.9448x9026','1975-01-28 04:14:12','1981-06-26 14:43:38'),(111,'Eulah','Schimmel','hilma.okuneva@example.com','223.593.0130','1996-10-31 01:26:22','2020-06-28 07:37:38'),(112,'Porter','Muller','osinski.orval@example.com','090-136-0314x9624','1984-07-03 13:13:05','2005-01-23 14:44:24'),(113,'Randall','Ledner','hirthe.jeremie@example.com','483-701-0759','2010-01-24 12:33:41','2020-06-28 07:37:38'),(114,'Lavinia','Russel','qstark@example.net','+72(2)8785399613','1988-11-22 07:23:33','2016-04-10 00:09:05'),(115,'Dante','Schroeder','lkonopelski@example.net','719-893-0902x021','1983-12-18 22:47:24','1995-08-26 20:11:32'),(116,'Vena','Gaylord','senger.santa@example.net','(598)237-6287','1979-01-14 14:03:47','1999-08-07 01:27:14'),(117,'Diana','Anderson','wyatt03@example.com','1-642-697-7428x286','1996-12-29 05:36:53','1999-12-15 20:55:09'),(118,'Luis','Bartell','garrick30@example.com','1-911-583-6068','1982-02-03 09:02:57','2001-04-12 10:31:11'),(119,'Demond','Towne','vcollins@example.org','388.384.9298','1986-01-20 06:03:31','2020-06-28 07:37:38'),(120,'Wendell','Grady','yblick@example.org','(883)618-2749x35667','1974-03-18 00:23:07','2015-02-10 20:28:23'),(121,'Laurianne','Leannon','ferry.napoleon@example.net','831.051.1838x971','1990-09-20 07:34:45','2005-07-12 08:35:20'),(122,'Yasmine','Reinger','franz10@example.net','(132)874-1489','2006-03-10 09:41:23','2014-03-14 15:27:39'),(123,'Joanny','Goldner','nikki.effertz@example.net','(944)300-2295x169','1980-04-07 23:47:59','1991-10-15 21:29:40'),(124,'Karelle','Brekke','shane.koch@example.org','1-451-310-4833x17600','1977-12-26 12:47:08','2020-06-28 07:37:38'),(125,'Dayna','Sawayn','mann.theresa@example.net','913-980-0652x509','2019-10-19 02:16:56','2020-06-28 07:37:38'),(126,'Stephan','Wiegand','jleannon@example.org','174.491.7136x335','2010-12-06 06:37:55','2020-06-28 07:37:38'),(127,'Lucious','Dare','ruthie.crona@example.org','(636)830-7787x941','2002-10-01 21:43:36','2018-08-21 02:58:41'),(128,'Cortez','Monahan','glover.major@example.com','(992)818-1492x562','1990-07-02 00:36:29','2014-09-30 17:23:18'),(129,'Jamarcus','Waelchi','boyer.terrence@example.org','877-623-2532x399','2010-06-05 09:32:14','2020-06-28 07:37:38'),(130,'Shemar','Shields','haylie16@example.org','521.722.0478','2018-05-25 19:02:44','2020-06-28 07:37:38'),(131,'Damien','Runte','gislason.brice@example.org','611.298.3143x6735','1981-10-13 16:26:58','2000-11-26 08:12:19'),(132,'Heidi','Treutel','bill22@example.com','(359)175-0823','2003-09-08 23:14:08','2014-12-19 09:55:58'),(133,'Michale','Stracke','janice54@example.com','(012)593-9292','1984-09-11 12:37:22','1992-12-14 08:36:56'),(134,'Mabelle','Wintheiser','amara02@example.org','(449)552-4078','1976-07-21 11:16:33','1977-03-08 03:44:54'),(135,'Albina','Marvin','robel.abbey@example.net','492.395.6529','1994-01-26 21:40:15','2020-06-28 07:37:38'),(136,'Lorenzo','Denesik','wolf.baron@example.com','09889850224','1985-03-11 08:52:16','2020-06-28 07:37:38'),(137,'Aurelia','Ondricka','buford.shanahan@example.com','764.939.8001x750','1977-07-04 08:17:53','2014-09-15 21:15:32'),(138,'Cedrick','Tremblay','runte.madyson@example.com','(197)435-8929','2010-08-15 03:06:53','2015-01-25 03:22:54'),(139,'Joy','Frami','brobel@example.org','(047)410-1032x066','2007-09-17 17:11:33','2020-06-28 07:37:38'),(140,'Mohammed','Moore','wchristiansen@example.net','244-970-5725x82608','2000-02-04 08:05:30','2020-06-28 07:37:38'),(141,'Chyna','Blanda','etrantow@example.org','105-337-9004x19638','2017-06-11 21:19:51','2020-06-28 07:37:38'),(142,'Lance','Nolan','kiera99@example.net','06211469238','2002-02-16 17:48:31','2004-11-02 10:03:42'),(143,'Sally','Rau','cooper.hauck@example.net','(950)790-1378','1997-08-20 04:59:25','2019-06-05 01:52:21'),(144,'Estefania','Sporer','dandre.rogahn@example.com','1-072-777-7817x760','1993-10-14 23:42:50','2010-02-09 04:47:22'),(145,'Amari','Bogan','reece18@example.com','490-241-9960','1975-06-06 12:38:17','2020-06-28 07:37:38'),(146,'Alejandra','Hoeger','brandyn.koelpin@example.org','1-968-023-0939','1978-11-08 21:14:08','2011-08-13 11:01:40'),(147,'Karley','Considine','lfeest@example.net','05718190304','1999-06-30 04:19:27','2014-11-20 17:15:58'),(148,'Aleen','Hoeger','ularson@example.com','992.215.8606','2006-11-17 21:58:59','2020-06-28 07:37:38'),(149,'Anastacio','Roob','moore.armand@example.net','+94(6)0298321679','2020-01-07 13:25:37','2020-06-28 07:37:38'),(150,'Dashawn','Fay','rgoyette@example.net','(846)452-4145x245','1985-08-13 22:43:06','1992-06-23 16:14:17'),(151,'Kara','Hamill','hollis.mosciski@example.net','1-804-207-2908','1999-12-04 22:22:23','2015-01-05 06:10:59'),(152,'Gabriel','Kessler','gmoore@example.com','978.977.2293x95941','2016-01-07 07:19:46','2020-06-28 07:37:38'),(153,'Nat','Torphy','jlindgren@example.net','(208)804-3566x5839','1989-08-18 14:17:33','2020-06-28 07:37:38'),(154,'Christelle','Kuvalis','dayne.grant@example.net','(668)472-8685x079','1993-05-09 13:28:00','2020-06-28 07:37:38'),(155,'Johnson','Schulist','ecole@example.org','1-726-360-6011x3914','2004-04-25 02:00:35','2020-06-28 07:37:38'),(156,'Nelson','Kessler','morar.jaylon@example.org','279-231-0343','1993-05-11 15:50:14','2018-11-11 15:46:27'),(157,'Sunny','O\'Kon','wgleichner@example.com','(964)253-1164','2017-06-02 04:28:31','2020-06-28 07:37:38'),(158,'Clint','Runolfsson','nedra32@example.net','(445)366-2417x730','1983-02-28 10:13:42','2018-11-12 10:18:26'),(159,'Ila','Sawayn','lyric.auer@example.net','081-564-1252x461','1997-12-14 02:15:09','2000-04-07 09:05:46'),(160,'Israel','Grant','rylee37@example.com','1-574-294-4129','1986-12-04 16:36:46','2020-06-28 07:37:38'),(161,'Ryleigh','Donnelly','mcglynn.alexandre@example.org','458-917-1241x88160','2015-07-06 19:31:34','2020-06-28 07:37:38'),(162,'Rodrick','Walker','edythe.runolfsson@example.org','645.528.6137x990','1990-12-20 23:54:18','2020-06-28 07:37:38'),(163,'Zane','Hermiston','jermey.shields@example.net','523-081-8405x07227','1980-03-08 12:06:26','1999-10-12 07:52:42'),(164,'Neal','Zieme','wolf.bo@example.net','685-535-1743','2010-11-28 09:13:44','2020-06-28 07:37:38'),(165,'Ashtyn','Kub','sluettgen@example.net','1-116-925-7168','1993-11-14 07:40:13','1995-04-18 00:47:58'),(166,'Rigoberto','Hirthe','suzanne.leannon@example.org','1-567-802-0266x7238','2017-07-02 07:33:21','2020-06-28 07:37:38'),(167,'Bridget','Kautzer','mbailey@example.com','1-395-643-4689x77715','2002-06-09 20:03:44','2020-06-28 07:37:38'),(168,'Constance','Walker','mabelle.hauck@example.net','(991)107-6762','1989-03-14 06:01:25','2011-04-22 06:20:34'),(169,'Jarrod','Terry','ricardo03@example.org','(961)005-9854x6735','1984-12-23 06:59:38','2020-06-28 07:37:38'),(170,'Hilario','Olson','johnson.rachael@example.org','298.711.0787','2005-11-20 23:27:21','2020-06-28 07:37:38'),(171,'Mohammad','Mayert','adams.darrin@example.net','1-971-838-1166x66612','1981-12-12 08:41:44','2020-06-28 07:37:38'),(172,'Eve','Hansen','lueilwitz.sebastian@example.org','267.548.3889','2018-12-28 13:33:46','2020-06-28 07:37:38'),(173,'Florine','Muller','providenci.carroll@example.net','1-714-650-0400x237','2015-04-21 09:26:27','2020-06-28 07:37:38'),(174,'Zena','Hirthe','anabel.ratke@example.org','083.740.7391','2002-06-01 15:32:26','2020-06-28 07:37:38'),(175,'Augusta','Hilll','mervin.smith@example.com','(521)933-7980','1980-03-29 22:02:15','2020-06-28 07:37:38'),(176,'Anastasia','Wisozk','jarrell.marks@example.net','472.735.9448x0573','2008-05-26 01:02:36','2019-04-13 09:57:12'),(177,'Selina','Bradtke','earlene.rice@example.org','1-974-440-1803x53419','1974-06-17 10:54:17','2020-06-28 07:37:38'),(178,'Yessenia','Stoltenberg','evelyn46@example.com','316.814.4993','2015-01-20 12:26:39','2020-01-16 04:14:54'),(179,'Autumn','Cremin','greenfelder.tyshawn@example.net','168.430.5902','2013-08-03 15:02:40','2020-06-28 07:37:38'),(180,'Camilla','Olson','carolina.reilly@example.com','(485)307-6013x79816','2008-07-14 00:20:58','2010-02-14 21:37:18'),(181,'Melody','Gusikowski','jayda97@example.net','491-494-5144x7432','1991-04-30 17:56:14','2009-05-03 20:12:21'),(182,'Emilia','Wisoky','jaylan70@example.com','886-324-8117x78182','2006-09-19 23:03:15','2020-06-28 07:37:38'),(183,'Noemi','Osinski','ablick@example.com','064.498.0960','2018-05-06 00:15:43','2020-06-28 07:37:38'),(184,'Priscilla','Bauch','schiller.elisa@example.org','1-740-669-2089','1999-12-13 01:29:43','2000-08-31 16:37:03'),(185,'Julien','Zemlak','lazaro.mraz@example.net','1-849-638-5367x29812','1992-06-22 19:49:52','2020-06-28 07:37:38'),(186,'Charles','Ondricka','dietrich.chaz@example.com','279.854.1451','1997-09-02 05:39:52','2014-01-27 08:26:35'),(187,'Elias','Okuneva','ebrown@example.org','(519)861-0320','1998-09-19 15:03:22','2003-02-07 01:50:29'),(188,'Madeline','Rosenbaum','co\'connell@example.net','238-136-9094x8341','2015-04-05 05:09:04','2020-06-28 07:37:38'),(189,'Freda','Osinski','ugreenfelder@example.org','+16(2)1114003878','1995-08-15 13:07:29','2020-06-28 07:37:38'),(190,'Wade','Ernser','alberto.roob@example.net','118.536.4312','2014-08-21 22:50:55','2020-06-28 07:37:38'),(191,'Rylee','Mraz','helen64@example.com','1-106-384-1244x40788','2008-03-24 08:09:56','2020-06-28 07:37:38'),(192,'Elmira','Windler','zluettgen@example.com','(824)873-1651','2006-04-22 17:02:02','2020-06-28 07:37:38'),(193,'Garland','Howell','zward@example.com','107-984-0992x4882','1980-05-13 13:56:21','2006-01-05 22:23:36'),(194,'Yessenia','Boehm','schinner.dawn@example.net','+09(3)1334117784','1982-06-02 13:06:26','2016-02-05 11:54:31'),(195,'Timmy','Ziemann','graciela87@example.org','+83(7)6779124672','2015-11-13 00:04:43','2020-06-28 07:37:38'),(196,'Nels','Dietrich','fernando02@example.org','1-112-402-9271','1982-10-21 13:31:56','1986-09-03 07:19:33'),(197,'Haskell','Corkery','collier.kariane@example.com','626.651.5885x05490','1989-11-10 02:39:53','2020-06-28 07:37:38'),(198,'Sophie','D\'Amore','freda.lockman@example.org','09147893551','1985-04-05 22:18:23','2020-06-28 07:37:38'),(199,'Madelyn','Torp','moriah.kub@example.org','535.478.7041x96474','1981-07-04 17:06:04','1986-06-26 23:29:29'),(200,'Sister','Lakin','virginia02@example.net','1-428-141-6925','2019-04-01 12:10:58','2020-06-28 07:37:38');
/*!40000 ALTER TABLE `users` ENABLE KEYS */;
UNLOCK TABLES;
/*!40103 SET TIME_ZONE=@OLD_TIME_ZONE */;

/*!40101 SET SQL_MODE=@OLD_SQL_MODE */;
/*!40014 SET FOREIGN_KEY_CHECKS=@OLD_FOREIGN_KEY_CHECKS */;
/*!40014 SET UNIQUE_CHECKS=@OLD_UNIQUE_CHECKS */;
/*!40101 SET CHARACTER_SET_CLIENT=@OLD_CHARACTER_SET_CLIENT */;
/*!40101 SET CHARACTER_SET_RESULTS=@OLD_CHARACTER_SET_RESULTS */;
/*!40101 SET COLLATION_CONNECTION=@OLD_COLLATION_CONNECTION */;
/*!40111 SET SQL_NOTES=@OLD_SQL_NOTES */;

-- Dump completed on 2020-06-28  9:00:40
